codpro;Provincia;departamentos;codmun;Municipio;IPU;grupo;clase;Bogotá, D.C.;Medellín;Barranquilla;Cali;Cúcuta;Cartagena;Manizales;Pereira;Bucaramanga;Armenia;Santa Marta;Villavicencio;Ibagué;Sincelejo;Mosquera;San Andrés;Valledupar;Zipaquirá;Montería;Sabanalarga;Neiva;Pasto;Girardot;Tuluá;Cartago;Tunja;Buenaventura;Sogamoso;Barrancabermeja;Fusagasugá;Popayán;Rionegro;Magangué;Aguachica;Florencia;Chiquinquirá;Yopal;Riohacha;La Dorada;Campo de La Cruz;Sevilla;Apartadó;Fonseca;El Carmen de Bolívar;Quibdó;Mariquita;Ocaña;Pamplona;Caucasia;Santander de Quilichao;Arauca;Lorica;Fundación;Bosconia;Montelíbano;Plato;Melgar;La Jagua de Ibirico;Anserma;San Gil;Juan de Acosta;Ipiales;Pitalito;Sahagún;Santiago de Tolú;Saravena;Villa de San Diego de Ubate;Puerto Boyacá;El Banco;Leticia;San Andrés de Tumaco;Providencia;Garzón;Andes;Granada;Puerto Asís;Líbano;Yarumal;Segovia;Aguadas;Tierralta;Mompós;Jericó;Mocoa;Pivijay;Riosucio;La Plata;San Marcos;Socorro;Villeta;Guamo;La Mesa;Málaga;Istmina;San Pablo;Garagoa;Barbosa;Manzanares;Sonsón;Chocontá;Moniquirá;Urrao;San Rafael;Santafé de Antioquia;Puerto Carreño;Belén de Umbría;Chaparral;Paz de Ariporo;Chinácota;Guaduas;Tibú;San José del Guaviare;Puerto Gaitán;La Unión;Pacho;Soatá;Túquerres;San Martín de Loba;San Vicente del Caguán;Caqueza;Cimitarra;Majagual;San Bernardo del Viento;Olaya Herrera;Miraflores;Barranca de Upía;Belén;Muzo;Barbacoas;Guasca;Patía;Ramiriquí;Guapi;Dabeiba;Riosucio;Salazar;Puerto Rondón;Bahía Solano;San Juan de Río Seco;Inírida;Achí;El Cocuy;Manaure;Silvia;Bajo Baudó;Curillo;Mitú;Leguízamo;Labranzagrande;La Primavera
170;Bogotá;Bogotá, D.C., Cundinamarca;11001;Bogotá, D.C.;100;Urbana;Metropolitana;;;;;;;;;;;;;;;36;;;39,6;;;39,7;;41,2;;;43,1;;44,6;;46,4;;;;;;49,9;;;51,6;;;;;;;55,1;;;;;;;;;;;58,2;;;;;;;;;;61;61,7;;;;;;;63,3;;64,4;;;;;;;;;;;;66,4;66,6;66,6;66,6;;;;68,8;69,1;;;70,3;70,4;;;;;;72;;;72,7;;;;;74,4;74,5;;;;75,6;;;;;78;78,1;79,1;79,8;;79,8;;80;;;;;;;83,7;;;;;;;;;;;
100;Valle del Aburrá;Antioquia;5001;Medellín;92,10663701;Urbana;Metropolitana;;;;;;;;;;;;;;;;;;;;;;;;;35,2;;;;;;;40,1;;;;;;;43,7;;;;;;;47,2;;;;;;;;;;;;;51,1;;;;;;;;;53,8;;;;;;55,4;;;;57,1;57,3;57,4;;;57,7;;;58,1;;;;;;;;;;;;;62,1;;;62,8;63,2;63,2;;64,1;;;;64,9;;;;;;;;;;;68;;;;;;;;;;;;;72,2;;;;;;;;;;;;;;;;
130;Norte;Atlántico;8001;Barranquilla;91,21812423;Urbana;Metropolitana;;;;;;;;;;;;;;;;;27,3;;;30,9;;;;;;;;;;;;;39,3;;;;;42,7;;42,9;;;;45,8;;;;;;;;48,9;49,3;49,3;;49,4;;49,7;;;50,9;;;51,6;52,1;;;;;;;;;;;;;;;;;;;;57,1;;;;;;;;;;;;;;;;;;;;;;;;;;;;;;;;;;;;;;67,9;;;;;;;;;;;;;;;;;;;;;;;;;;;
1390;Sur;Valle del Cauca;76001;Cali;83,25917373;Urbana;Metropolitana;;;;;;;;;;;;;;;;;;;;;;;;25,7;26,3;;26,6;;;;30,1;;;;;;;;;;36,1;;;;;;;;;40,1;;;;;;;;;42,2;;;;;;;;;;;;;;;;;;;;;;;;;;;49,3;;;;;;;;;;;;;;;;;;;;55,3;;;;;;;;;;;;;;;;;;;;;;;;;63,2;;;;;;;;;;;;;70;;;;;;
1060;Oriente;Norte de Santander;54001;Cúcuta;78,14630204;Urbana;No metropolitana;;;;;;;;;;;;;;;;;;;;;;;;;;;;;;;;;;;;;;;;;;;;;;;33,6;33,7;;;;;;;;;;;;;;;;;;;;;;;;;;;;;;;;;;;;;;;;;;;;;45,3;;;;;;;;;;;;;;;;50,6;;51,1;;;;;;;;;;;;;;;;;;;;;;;;;59,6;;;;;;;;;;;;;;
190;Dique;Bolívar;13001;Cartagena;76,05419457;Urbana;No metropolitana;;;;;;;;;;;;;;;;;;;15,7;15,7;;;;;;;;;;;;;24,1;;;;;;;27,7;;;;30,6;;;;;;;;33,8;34,1;34,1;34,2;34,3;;;;;35,8;;;36,4;37;;;;;;;;;;;;;;;;41,4;41,5;;;41,9;;;42,3;;;;;;;;;;;;;;;;;;;;;;;;;;;;;;;;;;;52,7;;;;;;;;;;;;;;;;;;;;;;;;;;;
400;Centro;Caldas;17001;Manizales;72,5480623;Urbana;No metropolitana;;;;;;;;;;;;;;;;;;;;;;;13,8;14,9;15,6;;15,8;;;;;20,5;;;;;;;24,2;;25,4;;;;;27,6;;;;29,3;;;;;;;30,8;;31,5;;;;;;;;;34,3;;;;;;35,8;;;37;;;37,9;;;38,1;;;38,6;;;;39,1;39,1;;;;;;;41,8;42,6;;;;;43,7;;44,5;;;;45,3;;;;;;;;;;;;;;;;;;;;;;;;;;;;;56,3;;;;;;;;;;;
1150;Vertiente Oriente;Risaralda;66001;Pereira;72,2830323;Urbana;No metropolitana;;;;;;;;;;;;;;;;;;;;;;;13,5;14,7;15,3;;15,6;;;18,7;19,2;;;;;;;;23,9;;25,1;;;;27,1;27,3;;;;29,1;;;;;;;30,5;;31,2;;;;;;;;;;;;;;;35,5;;;36,7;;;37,6;;;37,9;;;38,3;;;;;38,9;38,9;;39,9;;;;41,5;;;;;;43,4;;44,3;;;;45;;;;;;;;;;;;;;;;;;;;;;;;;;;;;;;;;;59,1;;;;;;
1220;Soto;Santander;68001;Bucaramanga;71,79301752;Urbana;No metropolitana;;;;;;;;;;;;;;;;;;;;;;;;;;;;;17,5;;;;;20,4;;;;;23,4;;;;;;;;27,2;27,3;;;;;;;;;;30,3;;31;;;;;;;;33,5;33,8;;;;;;;;;;;;;;;;;;;;38,2;;;;39;;;;40,9;;;;42,2;;;;;;;;44,3;;;;;;;;;;;;47,7;;;;;;;;;;;;;;;;;;;;;;;;;;;;;
1100;Norte;Quindio;63001;Armenia;71,45296057;Urbana;No metropolitana;;;;;;;;;;;;;;;;;;;;;;;12,7;13,9;14,5;;14,7;;;17,9;18,3;;;;;;;;;;24,3;;;;;26,5;;;;28,2;;;;;;;29,7;;30,4;;;;;;;;;;;;;;;34,7;;;35,9;;;36,8;;;37;;;37,5;;;;;38;38,1;;39;;;;40,7;;;;;;;;43,4;43,5;;;;;;;;;;;;;;;;;;;;;;;;;;;;;;;;55,2;;;;;58,2;;;;;;
920;Santa Marta;Magdalena;47001;Santa Marta;68,88268742;Urbana;No metropolitana;;;;;;;;;;;;;;;;;5;;;8,5;;;;;;;;;;;;;16,9;;;;;20,4;;20,6;;;23,4;23,5;;;;;;;;;26,9;26,9;;27,1;;27,3;;;28,6;;;;29,8;;;;30,9;;;;;;;;;;;;;34,3;;;34,8;;;;;;;;;;;;;;;;;;;;;;;;;;;;;;;;;;;;;;;;;;;;;;;;;;;;;;;;;;55,4;;;;;;;
960;Piedemonte;Meta;50001;Villavicencio;67,6451321;Urbana;No metropolitana;;;;;;;;;;;;;;;3,6;;;7,3;;;;;8,9;;;10,8;;;;14;;;;;;17,6;18,5;;;;;;;;;;;;;;;;;;;;25,9;;;;;;;;;;28,7;;;;;;;;31;;;;;;;;;;;;;;;34,2;34,2;34,3;;;;36,4;;;;37,9;;;;;;;;;;;;41,3;41,6;;42,1;;;;;43,3;;;;;;45,7;;;;47,5;;47,7;;;;;;;51,4;;;;;;;;;;;
1320;Centro;Tolima;73001;Ibagué;66,87856174;Urbana;No metropolitana;;;;;;;;;;;;;;;2,8;;;6,5;;;6,6;;8,1;9,3;9,9;;;;;13,3;;;;;;;;;18,5;;19,7;;;;;21,9;;;;23,7;;;;;;;25,1;;25,8;;;;;;;;27,9;28,6;;;;;29,6;;;;31,3;;;;;;;;;32,9;32,9;;;33,5;33,5;33,5;;;;;;36,1;;37,1;;;;;;38,9;38,9;;;39,6;;;;;41,3;;;;;42,5;;;;;;;;;;46,7;;;;;;;;;50,6;;;;;;;;;;;
1250;Sincelejo;Sucre;70001;Sincelejo;65,44469715;Urbana;No metropolitana;;;;;;;;;;;;;;;;;1,5;;5,1;5,1;;;;;;;;;;;;;13,5;;;;;;;17,1;;18,7;;20;;;;;21,4;;;23,1;23,5;23,5;23,5;23,7;;23,9;;;25,2;;;25,8;26,4;;;;27,5;;;;;;;;;;;;30,8;30,9;;;31,3;;;31,7;;;;;;;;;;;;;;;;;;;;;;;;;;;;;;;;;;41,9;42,1;;;;;;;;;;;;;;;;;;50,4;;;;;;;;;
760;Sabana Occidente;Cundinamarca;25473;Mosquera;64,0488912;Intermedia;Perimetropolitana;36;;;;;;;;;;;3,6;2,8;;;;;;;;;;;;;;;;;;;;;;;;;;;;;;;;;;;;;;;;;;;;22,3;;;;;;;;;;25,1;25,8;;;;;;;27,4;;28,5;;;;;;;;;;;;;30,6;30,6;30,7;;;;32,8;33,2;33,3;;34,3;34,4;;;;;;36,1;;;36,8;;;;;38,5;;;;;39,7;;;;;;42,1;43,1;43,8;;43,9;;44,1;;;;;;;47,8;;;;;;;;;;;
121;San Andrés;Archipiélago de San Andrés;88001;San Andrés;63,96600992;Intermedia;Insular;;;;;;;;;;;;;;;;;;;;;;;;;;;;;;;;;;;;;;;;;;;;;;;;;;;;;;;;;;;;;;;;;;;;;;;;;;;;;;;;;;;;;;;;;;;;;;;;;;;;;;;;;;;;;;;;;;;;;;;;;;;;;;;;;;;;;;;;;;;;;;;;;;;;;;
520;Norte;Cesar;20001;Valledupar;63,92214065;Intermedia;Cercana a Urbana;;;27,3;;;;;;;;5;;;1,5;;;;;;;;;;;;;;;;;;;;;;;;;;;;;;;;;;;;;;;22;22;;22,1;;22,4;;;23,6;;;;;;;;25,9;;;;;;;;;;;;;29,4;;;29,8;;;;;;;;;;;;;;;;;;;;;;;;;;;;;;;;;;;;;;;;;;;;;;;;;;;;;;;;;;50,4;;;;;;;
750;Sabana Centro;Cundinamarca;25899;Zipaquirá;60,38162019;Intermedia;Perimetropolitana;39,6;;;;;;;;;;;7,3;6,5;;;;;;;;;;;;;;;;;;;;;;;;;;;;;;;;;;;;;;;;;;;;18,6;;;19,6;;;;;;;21,4;22,1;;;;;;;23,7;;24,8;;;;;;;;;;;;26,8;27;27;27;;;;29,1;29,5;;;30,6;30,8;;;;;;;;;33,1;;;;;34,8;34,9;;;;36;36,3;;;;38,4;38,5;39,5;40,1;;40,2;;40,4;;;;;;;44,1;;;;;;;;;;;
650;Sinú Medio;Córdoba ;23001;Montería;60,35260928;Intermedia;Cercana a Urbana;;;;;;15,7;;;;;;;;5,1;;;;;;;;;;;;;;;;;;;;;;;;;;;;;;;;;;;;;;;;;18,5;18,6;;;;;20,1;;;20,7;21,3;;;;;;;;;;;;;25,4;25,5;;25,7;25,8;;;;;;26,6;;;;;;;;;;;;;;;;;;;;;;;;;;;;;;;;;;36,8;37;;;;;;;;;;;;;;;;;;45,3;;;;;;;;;
150;Centro Oriente;Atlántico;8638;Sabanalarga;60,34041588;Intermedia;Perimetropolitana;;;30,9;;;15,7;;;;;8,5;;;5,1;;;;;;;;;;;;;;;;;;;;;;;;;;;;;;;;;;;;;;;18,4;18,4;;18,5;;18,8;;;20,1;;;20,7;21,2;;;;;;;;;;;;;;;;;25,8;;;26,2;;;26,6;;;;;;;;;;;;;;;;;;;;;;;;;;;;;;;;;;;37;;;;;;;;;;;;;;;;;;;;;;;;;;;
840;Norte;Huila;41001;Neiva;60,25640667;Intermedia;Cercana a Urbana;39,7;;;;;;;;;;;;6,6;;;;;;;;;;;;;;;;;;;;;;;;;;;;;;;;;;;;;;;;;;;;18,5;;;;;;20,6;;;;;;;;;;23;;;;24,7;;;;;;;;;;26,3;;;;26,8;26,9;;;;;;;;;;;;;;;32,3;;;33;;;;;;;;;;;;;;;;;;;;;;;;;;;;;44;;;;;;;;;;;
980;Centro;Nariño, Putumayo;52001;Pasto;59,89383921;Intermedia;Alejada;;;;;;;;;;;;;;;;;;;;;;;;;;;;;;;;;;;;;;;;;;;;;;;;;;;;;;;;;;;;;;19,9;;;;;;;;;22,1;;;;;;;;;;;;;25,6;;;;;;;;;;;;;;;;;;;;;;;;;;;;;;34,3;;;34,4;;;;;;;;;;;;39,7;;39,9;;;;;;;;;;;;;;;;;;;
670;Alto Magdalena;Cundinamarca, Tolima;25307;Girardot;58,76288813;Intermedia;Periurbana;41,2;;;;;;13,8;13,5;;12,7;;8,9;8,1;;;;;;;;;;;;;;;;;;;;;;;;;;;;;;;;;;;;;;;;;;;;17;;17,7;;;;;;;;19,8;20,5;;;;;21,5;;;;23,2;;;;;;;;;;24,8;;;25,3;25,3;25,4;;;;27,5;;28;;29;;;;;;30,8;30,8;;;31,5;;;;;33,2;;;;;34,4;34,6;;;;;;;;;38,6;;38,8;;;;;;;42,5;;;;;;;;;;;
1350;Centro;Valle del Cauca;76834;Tuluá;57,60119713;Intermedia;Periurbana;;;;25,7;;;14,9;14,7;;13,9;;;9,3;;;;;;;;;;;;;;;;;;;;;;;;;;;;;;;;;;;;;;;;;;;;15,8;;16,6;;;;;;;;;;;;;;;;;;;;;;;;23,2;;;23,6;;;;;24,2;;;;;;;26,9;;;;;;;;29,6;;;;;;;;;;;;;;;;;;;;;;;;;;;;;;;;;;;;;;44,4;;;;;;
1360;Norte;Valle del Cauca;76147;Cartago;56,93407183;Intermedia;Periurbana;;35,2;;26,3;;;15,6;15,3;;14,5;;;9,9;;;;;;;;;;;;;;;;;;;;;;;;;;;;;;;;;;;;;;;;;;;;15,2;;15,9;;;;;;;;;;;;;;;20,2;;;;;;22,3;;;22,5;;;23;;;;;23,5;;;24,5;;;;26,2;;;;;;28,1;;28,9;;;;;;;;;;;;;;;;;;;;;;;;;;;;;;;;;;;;;;43,7;;;;;;
240;Centro;Boyacá;15001;Tunja;56,86466556;Intermedia;Cercana a Metropolitana;43,1;;;;;;;;;;;10,8;;;;;;;;;;;;;;;;;;;;;;;;;;;;;;;;;;;;;;;;;;;;;15,1;;;16,1;;;;;;;17,9;;;;;;;;;;;;;;;;;;;;;;23,3;23,4;23,4;23,5;24;;;25,6;26;;;27,1;27,2;;;;;;;;;29,6;;;;;31,3;31,4;;;;32,5;32,7;;;;34,8;34,9;35,9;36,6;;36,7;;36,9;;;;;;;40,6;;;;;;;;;;51,3;
1370;Buenaventura;Valle del Cauca;76109;Buenaventura;56,70616587;Intermedia;Cercana a Metropolitana;;;;26,6;;;15,8;15,6;;14,7;;;;;;;;;;;;;;;;;;;;;;;;;;;;;;;;;;;;;;;;;;;;;;;;;15,7;;;;;;;;;;;;;;;;;;;;;;;;;;;22,7;;;;;;;;;;;;;;;;;;;;28,7;;;;;;;;;;;;;;;;;;;;;;;;;;;;;;;;;;;;;;43,5;;;;;;
340;Sugamuxi-Tundama;Boyacá;15759;Sogamoso;55,43914922;Intermedia;Cercana a Metropolitana;44,6;;;;;;;;;;;;;;;;;;;;;;;;;;;;;;;;;;;;;;;;;;;;;;;;;;;;;;;;13,7;;;14,6;;;;;;;16,5;;;;;;;;;;;;;;;;;;;;;;21,8;22;;22,1;22,6;;;24,2;24,6;;;25,7;25,8;;;;;;;27,8;;28,2;;;;;29,9;29,9;;;;31,1;31,3;;;;33,4;;34,5;35,2;;35,3;;35,5;;;;;;;39,2;;;41,5;;;;;;;49,9;
1210;Mares;Santander;68081;Barrancabermeja;54,29012893;Intermedia;Cercana a Urbana;;;;;;;;;17,5;;;;;;;;;;;;;;;;;;;;;;;;;;;;;;;;;;;;;;;;;;;;;;;;;12,8;;13,5;;;;;;;;16;16,3;;;;;;;;;;;;;19,7;;;;;;;20,7;20,9;;;;;;;23,4;;;;24,7;;;;;;;;;27;;;;;;;;;;;30,2;;;;;;;;;;;;;;;;;;38;;;;;;;;;;;
780;Sumapaz;Cundinamarca;25290;Fusagasugá;53,59785398;Intermedia;Perimetropolitana;46,4;;;;;;;18,7;;17,9;;14;13,3;;;;;;;;;;;;;;;;;;;;;;;;;;;;;;;;;;;;;;;;;;;;11,8;;;;;;;;;;14,6;15,3;;;;;;;16,9;;18;;;;;;;;;;;;;20,2;20,2;20,2;;;;22,3;22,7;22,8;;23,9;24;;;;;;25,6;;;26,3;;;;;28;;;;;29,2;;;;;;;32,7;;;33,4;;33,6;;;;;;;37,3;;;;;;;;;;;
450;Centro;Cauca;19001;Popayán;53,11369122;Intermedia;Cercana a Metropolitana;;;;30,1;;;;19,2;;18,3;;;;;;;;;;;;;;;;;;;;;;;;;;;;;;;;;;;;;;;;;;;;;;;;;;;;;13,4;;;;;;;;;;15,9;;;;;;;;;;;;;;19,2;;;;;;;;;;;;;;;;;;;;;;;;;;;;;;;;;;;;;;;;;;;;33,1;;;;;;;;;;;;;39,9;;;;;;
70;Oriente Próximo;Antioquia;5615;Rionegro;52,03584311;Intermedia;Perimetropolitana;;40,1;;;;;20,5;;;;;;;;;;;;;;;;;;;;;;;;;;;;;;;;;;;;;;;;;;;;;;;;;;;;11;;;;;;;;;13,8;;;;;;15,3;;;;17,1;17,2;17,4;;;17,6;;;18,1;;;;;;;;;;;;;22,1;;;22,7;23,1;23,2;;;;;;24,8;;;;;;;;;;;27,9;;;;;;;;;;;;;32,1;;;;;;;;;;;;;;;;
1270;Sabanas;Bolívar, Sucre;13430;Magangué;51,95050222;Intermedia;Periurbana;;;39,3;;;24,1;;;;;16,9;;;13,5;;;;;;;;;;;;;;;;;;;;;;;;;;;;;;;;;;;;;;;10;10;10,1;10,2;;10,4;;;11,7;;;12,3;12,9;;;;14;;;;;;;;;;;;17,3;17,4;;;17,8;;;18,2;;;;;;;;;;;;;;;;;;;;;;;;;;;;;;;;;;28,4;28,6;;;;;;;;;;;;;;;;;;36,9;;;;;;;;;
530;Sur;Cesar;20011;Aguachica;51,35349378;Intermedia;Cercana a Urbana;;;;;;;;;20,4;;;;;;;;;;;;;;;;;;;;;;;;;;;;;;;;;;;;;;;;;;;;9,4;9,4;;9,6;;9,8;;;;;;;;;;13,1;13,4;;;;;;;;;;;;;16,8;;;17,2;;;;;;;;;;;;;;;;;;;;;;;;;;;;;;;;;;;;27,2;;;;;;;;;;;;;;;;;;;;;;;;;;;;;
431;Florencia;Caquetá;18001;Florencia;50,79090729;Intermedia;Alejada;;;;;;;;;;;;;;;;;;;;;;;;;;;;;;;;;;;;;;;;;;;;;;;;;;;;;;;;;;;;;;;11,1;;;;;;;;;;13,5;;;;;;;;;;;;;;16,8;;;;;;;;;;;;;;;;;;;;;;;;;;;;;;;;26,2;;;;;;;;;;;;;;;;;;;;;;;;;;;41;;;;
310;Occidente;Boyacá;15176;Chiquinquirá;50,07592559;Intermedia;Cercana a Metropolitana;49,9;;;;;;;;;;;17,6;;;;;;;;;;;;;;;;;;;;;;;;;;;;;;;;;;;;;;;;;;;;;8,3;;;9,3;;;;;;;11,1;11,8;;;;;;;;;;;;;;;;;;;;;16,5;16,7;;16,7;;;;18,8;19,2;;;20,3;20,5;;;;;;;;;22,8;;;;;24,5;24,6;;;;25,7;26;;;;28;;29,2;29,8;;29,9;;30,1;;;;;;;33,8;;;;;;;;;;;
441;Piedemonte;Casanare;85001;Yopal;49,14884571;Intermedia;Alejada;;;;;;;;;;;;18,5;;;;;;;;;;;;;;;;;;;;;;;;;;;;;;;;;;;;;;;;;;;;;;;;;;;;;;10,1;;;;;;;;;;;;;;;;;;;;;;;;;;;;;;17,9;;;;;;;;;;;;21,6;;;;;;;;;;;;;;;;;;27,2;28,2;;;;;;;;;;32,1;;;;;;;;;;;;43,6;
871;Centro;La Guajira;44001;Riohacha;48,50597541;Intermedia;Cercana a Urbana;;;42,7;;;;;;;;20,4;;;;;;;;;;;;;;;;;;;;;;;;;;;;;;;;;;;;;;;;;;6,5;6,5;;;;7;;;8,2;;;;;;;;;;;;;;;;;;;;;;;;14,4;;;;;;;;;;;;;;;;;;;;;;;;;;;;;;;;;;;;;;;;;;;;;;;;;;;;;;;;;;35;;;;;;;
420;Oriente;Caldas, Cundinamarca;17380;La Dorada;48,37186162;Intermedia;Cercana a Urbana;51,6;43,7;;;;;24,2;23,9;23,4;;;;18,5;;;;;;;;;;;;;;;;;;;;;;;;;;;;;;;;;;;;;;;;;;;;6,6;;7,3;;;;;;;;9,4;10,1;;;;;;;;;12,8;;;;;;;;;;;;;14,9;15;15;;;;;;17,6;;18,6;;;19,4;;;;20,4;;;21,1;;;;;22,8;;;;;24;24,3;;;;;;;28,1;;28,2;;;;;;;;;32,1;;;;;;;;;;;
140;Sur;Atlántico;8137;Campo de La Cruz;48,31592675;Intermedia;Perimetropolitana;;;42,9;;;27,7;;;;;20,6;;;17,1;;;;;;;;;;;;;;;;;;;;;;;;;;;;;;;;;;;;;;;6,4;6,4;6,4;6,5;;6,8;;;8;;;8,7;9,2;;;;10,3;;;;;;;;;;;;13,7;13,8;;;14,2;;;14,5;;;;;;;;;;;;;;;;;;;;;;;;;;;;;;;;;;24,8;25;;;;;;;;;;;;;;;;;;;;;;;;;;;
1110;Cordilleranos;Quindio, Valle del Cauca;76736;Sevilla;47,18692173;Intermedia;Periurbana;;;;36,1;;;25,4;25,1;;24,3;;;19,7;;;;;;;;;;;;;;;;;;;;;;;;;;;;;;;;;;;;;;;;;;;;5,4;;6,1;;;;;;;;;;;;;;;;;;;;;;;;;;;13,2;;;;;13,8;;;;;;;;;;;;;;;19,2;;;;;;;;;;;;;;;;;;;;;;;;;;;;;;;;;;;;;;34;;;;;;
91;Urabá Norte;Antioquia;5045;Apartadó;46,75101307;Intermedia;Alejada;;;;;;;;;;;;;;18,7;;;;;;;;;;;;;;;;;;;;;;;;;;;;;;;;;;;;;;;;;4,9;;;;;;;;;7,1;7,7;;;;;;;;;;;;;;;;12,1;;;;;;;13;;;;;;;;;;;;;;;;;;;;;;;;;;;;;;;;;;;23,4;;;;;;;;;;;26,9;28;;;;;;;;;;;;;;;
880;Sur;La Guajira;44279;Fonseca;45,51880823;Intermedia;Alejada;;;;;;;;;;;23,4;;;;;;;;;;;;;;;;;;;;;;;;;;;;;;;;;;;;;;;;;;3,6;3,6;;3,7;;4;;;;;;;;;;;7,5;;;;;;;;;;;;;11;;;11,4;;;;;;;;;;;;;;;;;;;;;;;;;;;;;;;;;;;;;;;;;;;;;;;;;;;;;;;;;;32;;;;;;;
230;Montes de María;Bolívar, Sucre;13244;El Carmen de Bolívar;45,4312188;Intermedia;Periurbana;;;45,8;;;30,6;;;;;23,5;;;20;;;;;;;;;;;;;;;;;;;;;;;;;;;;;;;;;;;;;;;3,5;3,5;3,5;3,6;;3,9;;;5,1;;;5,8;6,3;;;;7,5;;;;;;;;;;;;10,8;10,9;;;11,3;;;11,6;;;;;;;;;;;;;;;;;;;;;;;;;;;;;;;;;;21,9;22,1;;;;;;;;;;;;;;;;;;30,4;;;;;;;;;
540;Atrato;Chocó;27001;Quibdó;45,21318087;Intermedia;Alejada;;;;;;;;27,1;;;;;;;;;;;;;;;;;;;;;;;;;;;;;;;;;;;;;;;;;;;;;;;;;;;;;;;;;;;;;;;;;;8,5;;;;;;;;;10,8;;;;;;;;;;;12,8;;;;;;;;;;16,3;;17,2;;;;;;;;;;;;;;;;;;;;;;;;;;;;;;;;;;;;;;;;;;;;
1290;Norte;Tolima;73443;Mariquita;44,94592396;Intermedia;Cercana a Urbana;55,1;47,2;;;;;27,6;27,3;;26,5;;;21,9;;;;;;;;;;;;;;;;;;;;;;;;;;;;;;;;;;;;;;;;;;;;3,2;;3,9;;;;;;;;6;6,7;;;;;;;;;9,4;;;;;;;;;11;;;;11,5;11,5;11,6;;;;;;14,2;;15,2;;;16;;;16,9;17;;;17,7;;;;;19,4;;;;;20,6;20,8;;;;;;;24,7;;24,8;;;;;;;;;28,7;;;;;;;;;;;
1050;Occidente;Norte de Santander;54498;Ocaña;44,55297816;Intermedia;Alejada;;;;;33,6;;;;27,2;;;;;;;;;;;;;;;;;;;;;;;;;;;;;;;;;;;;;;;;;;;;2,6;2,6;;;;3;;;;;;;;;;;6,6;;;;;;;;;;;;;10;;;;;;;;;;;;;;;;;;;;;;;;;;;17;;17,5;;;;;;;;;;20,4;;;;;;;;;;;;;;;26;;;;;;;;;;;;;;
1070;Suroccidente;Norte de Santander;54518;Pamplona;44,47692182;Intermedia;Periurbana;;;;;33,7;;;;27,3;;;;;;;;;;;;;;;;;;;;;;;;;;;;;;;;;;;;;;;;;;;;;;;;;;;;;;;;;;;;;;;;;;;;;;;;;;;;;;;;;;;;11,6;;;;;;;;;;;;;;;;17;;17,5;;;;;19;;;;;;;;;;;;;;;;;;;;26;;;;;;;;;;;;;;
20;Bajo Cauca;Antioquia;5154;Caucasia;44,01646741;Intermedia;Cercana a Urbana;;;;;;;;;;;;;;21,4;;;;;;;;;;;;;;;;;;;;;;;;;;;;;;;;;;;;;;;;;2,1;2,2;;;;;;;;4,4;4,9;;;;;;;;;;;;;9;9,2;;9,4;9,5;;;;;;10,2;;;;;;;;;;;;;;;;;;;;;;;;;;;;;;;;;;20,5;20,7;;;;;;;;;;;;;;;;;;28,9;;;;;;;;;
460;Norte;Cauca;19698;Santander de Quilichao;43,20594276;Intermedia;Perimetropolitana;;;;40,1;;;29,3;29,1;;28,2;;;23,7;;;;;;;;;;;;;;;;;;;;;;;;;;;;;;;;;;;;;;;;;;;;;;2,2;;;;;;;;;;;;;;;;;;;;;;;;;;;9,2;9,3;;;;;;;;;;;;;;;;;;;15,2;;;;;;;;;;;;;;;;;;;;;;;;;23,2;;;;;;;;;;;;;30;;;;;;
111;Río Arauca;Arauca;81001;Arauca;42,57808077;Intermedia;Alejada;;;;;;;;;;;;;;;;;;;;;;;;;;;;;;;;;;;;;;;;;;;;;;;;;;;;;;;;;;;;;;;;;;3,5;;;;;;;;;;;;;;;;;;;;;;;;;;;;;;;;;;;;;;;;;;15;;;;;;;;;;;;;;;;;;;;;;;;;;;;;25,6;;;;;;;;;;;;;
600;Bajo Sinú;Córdoba ;23417;Lorica;42,29484801;Intermedia;Periurbana;;;48,9;;;33,8;;;;;;;;23,1;;;;;;;;;;;;;;;;;;;;;;;;;;;;;;;;;;;;;;;;0,3;0,4;0,5;;;;;2;;;2,6;3,2;;;;4,3;;;;;;;;;;;;7,7;7,7;;;;;;8,5;;;;;;;;;;;;;;;;;;;;;;;;;;;;;;;;;;18,8;19;;;;;;;;;;;;;;;;;;27,2;;;;;;;;;
900;Norte;Magdalena;47288;Fundación;41,96383708;Rural;Periurbana;;;49,3;;;34,1;;;;;26,9;;;23,5;;;22;;;18,4;;;;;;;;;;;;;10;9,4;;;;6,5;;6,4;;;3,6;3,5;;;2,6;;;;;;;;;;;;;;;;;;;;;;;;;;;;;;;;;;;;;;;;;;;;;;;;;;;;;;;;;;;;;;;;;;;;;;;;;;;;;;;;;;;;;;;;;;;;;;;;;;;;;;;
510;Noroccidente;Cesar;20060;Bosconia;41,95745659;Rural;Cercana a Urbana;;;49,3;;;34,1;;;;;26,9;;;23,5;;;22;;;18,4;;;;;;;;;;;;;10;9,4;;;;6,5;;6,4;;;3,6;3,5;;;2,6;;;;;0,3;;;;;;;;;;;;;;;;;;;;;;;;;;;;;;;;;;;;;;;;;;;;;;;;;;;;;;;;;;;;;;;;;;;;;;;;;;;;;;;;;;;;;;;;;;;;;;;;;;
640;San Jorge;Córdoba ;23466;Montelíbano;41,89640569;Rural;Cercana a Urbana;;;;;;34,2;;;;;;;;23,5;;;;;18,5;;;;;;;;;;;;;;10,1;;;;;;;6,4;;4,9;;3,5;;;;;2,1;;;0,4;;;;;;;;;;;;;;;;;;;;;;;;;;;;;;;;;;;;;;;;;;;;;;;;;;;;;;;;;;;;;;;;;;;;;;;;;;;;;;;;;;;;;;;;;;;;;;;;;;
890;Centro;Magdalena;47555;Plato;41,79101311;Rural;Cercana a Urbana;;;49,4;;;34,3;;;;;27,1;;;23,7;;;22,1;;18,6;18,5;;;;;;;;;;;;;10,2;9,6;;;;;;6,5;;;3,7;3,6;;;;;2,2;;;0,5;;;;;;;;;;;;;;;;;;;;;;;;;;;;;;;;;;;;;;;;;;;;;;;;;;;;;;;;;;;;;;;;;;;;;;;;;;;;;;;;;;;;;;;;;;;;;;;;;;
1300;Oriente;Tolima;73449;Melgar;41,78193039;Rural;Periurbana;58,2;;;;;;30,8;30,5;;29,7;;25,9;25,1;;22,3;;;18,6;;;18,5;;17;15,8;15,2;15,1;;13,7;;11,8;;;;;;8,3;;;6,6;;5,4;;;;;3,2;;;;;;;;;;;;;;;;;;;;;;;;;;;;;;;;;;;;;;;;;;;;;;;;;;;;;;;;;;;;;;;;;;;;;;;;;;;;;;;;;;;;;;;;;;;;;;;;;;;;;;;;
500;Centro;Cesar;20400;La Jagua de Ibirico;41,5389533;Rural;Cercana a Intermedia;;;49,7;;;;;;30,3;;27,3;;;23,9;;;22,4;;;18,8;;;;;;;;;12,8;;;;10,4;9,8;;;;7;;6,8;;;4;3,9;;;3;;;;;;;;;;;;;;;;;;;;;;;;;;;;;;;;;;;;;;;;;;;;;;;;;;;;;;;;;;;;;;;;;;;;;;;;;;;;;;;;;;;;;;;;;;;;;;;;;;;;;;;
390;Bajo Occidente;Caldas;17042;Anserma;41,04157924;Rural;Periurbana;;51,1;;42,2;;;31,5;31,2;;30,4;;;25,8;;;;;;;;;;17,7;16,6;15,9;;15,7;;;;;11;;;;;;;7,3;;6,1;;;;;3,9;;;;2,2;;;;;;;;;;;;;;;;;;;;;;;;;;;;;;;;;;;;;;;;;;;;;;;;;;;;;;;;;;;;;;;;;;;;;;;;;;;;;;;;;;;;;;;;;;;;;;;;;;;;
1200;Guanentá;Santander;68679;San Gil;40,8095916;Rural;Cercana a Urbana;;;;;;;;;31;;;;;;;;;19,6;;;;;;;;16,1;;14,6;13,5;;;;;;;9,3;;;;;;;;;;;;;;;;;;;;;;;;;;;;;;;;;;;;;;;;;;;;;;;;;;;;;;;;;;;;;;;;;;;;;;;;;;;;;;;;;;;;;;;;;;;;;;;;;;;;;;;;;;;;;;;;;;
160;Occidente;Atlántico;8372;Juan de Acosta;40,2898659;Rural;Perimetropolitana;;;50,9;;;35,8;;;;;28,6;;;25,2;;;23,6;;20,1;20,1;;;;;;;;;;;;;11,7;;;;;8,2;;8;;;;5,1;;;;;;;;2;;;;;;;;;;;;;;;;;;;;;;;;;;;;;;;;;;;;;;;;;;;;;;;;;;;;;;;;;;;;;;;;;;;;;;;;;;;;;;;;;;;;;;;;;;;;;;;;;;
1020;Sur;Nariño;52356;Ipiales;39,97357182;Rural;Cercana a Intermedia;;;;;;;;;;;;;;;;;;;;;;19,9;;;;;;;;;;;;;;;;;;;;;;;;;;;;;;;;;;;;;;;;;;;;;;;;;;;;;;;;;;;;;;;;;;;;;;;;;;;;;;;;;;;;;;;;;;;;;;;;;;;;;;;;;;;;;;;;;;;;;;;;;;;;;;;;
860;Sur;Huila;41551;Pitalito;39,68197943;Rural;Cercana a Intermedia;;;;;;;;;;;;;;;;;;;;;20,6;;;;;;;;;;13,4;;;;11,1;;;;;;;;;;;;;;;;;;;;;;;;;;;;;;;;;;;;;;;;;;;;;;;;;;;;;;;;;;;;;;;;;;;;;;;;;;;;;;;;;;;;;;;;;;;;;;;;;;;;;;;;;;;;;;;;;;;
630;Sabanas;Córdoba ;23660;Sahagún;39,64664456;Rural;Periurbana;;;51,6;;;36,4;;;;;;;;25,8;;;;;20,7;20,7;;;;;;;;;;;;;12,3;;;;;;;8,7;;7,1;;5,8;;;;;4,4;;;2,6;;;;;;;;;;;;;;;;;;;;;;;;;;;;;;;;;;;;;;;;;;;;;;;;;;;;;;;;;;;;;;;;;;;;;;;;;;;;;;;;;;;;;;;;;;;;;;;;;;
1260;Morrosquillo;Sucre;70820;Santiago de Tolú;39,09280479;Rural;Periurbana;;;52,1;;;37;;;;;29,8;;;26,4;;;;;21,3;21,2;;;;;;;;;;;;;12,9;;;;;;;9,2;;7,7;;6,3;;;;;4,9;;;3,2;;;;;;;;;;;;;;;;;;;;;;;;;;;;;;;;;;;;;;;;;;;;;;;;;;;;;;;;;;;;;;;;;;;;;;;;;;;;;;;;;;;;;;;;;;;;;;;;;;
112;Occidente;Boyacá, Arauca;81736;Saravena;39,09074353;Rural;Cercana a Intermedia;;;;;;;;;;;;;;;;;;;;;;;;;;;;;;;;;;;;;10,1;;;;;;;;;;;;;;3,5;;;;;;;;;;;;;;;;;;;;;;;;;;;;;;;;;;;;;;;;;;;;;;;;;;;;;;;;;;;;;;;;;;;;;;;;;;;;;;;;;;;;;;;;;;;;;;;;;;;
800;Ubaté;Cundinamarca;25843;Villa de San Diego de Ubate;38,98228644;Rural;Perimetropolitana;61;;;;;;;;;;;28,7;27,9;;25,1;;;21,4;;;;;19,8;;;17,9;;16,5;;14,6;;;;;;11,1;;;9,4;;;;;;;6;;;;;;;;;;;;;;;;;;;;;;;;;;;;;;;;;;;;;;;;;;;;;;;;;;;;;;;;;;;;;;;;;;;;;;;;;;;;;;;;;;;;;;;;;;;;;;;;;;;;;;;;
30;Magdalena Medio;Antioquia, Boyacá;15572;Puerto Boyacá;38,26354798;Rural;Cercana a Intermedia;61,7;53,8;;;;;34,3;;33,5;;;;28,6;;25,8;;;22,1;;;;;20,5;;;;;;16;15,3;;13,8;;13,1;;11,8;;;10,1;;;;;;;6,7;;;;;;;;;;;;;;;;;;;;;;;;;;;;;;;;;;;;;;;;;;;;;;;;;;;;;;;;;;;;;;;;;;;;;;;;;;;;;;;;;;;;;;;;;;;;;;;;;;;;;;;;
930;Sur;Magdalena;47245;El Banco;37,97555895;Rural;Cercana a Intermedia;;;;;;;;;33,8;;30,9;;;27,5;;;25,9;;;;;;;;;;;;16,3;;;;14;13,4;;;;;;10,3;;;7,5;7,5;;;6,6;;;;;4,3;;;;;;;;;;;;;;;;;;;;;;;;;;;;;;;;;;;;;;;;;;;;;;;;;;;;;;;;;;;;;;;;;;;;;;;;;;;;;;;;;;;;;;;;;;;;;;;;;;
11;Leticia;Amazonas;91001;Leticia;37,8097941;Rural;Aislada;;;;;;;;;;;;;;;;;;;;;;;;;;;;;;;;;;;;;;;;;;;;;;;;;;;;;;;;;;;;;;;;;;;;;;;;;;;;;;;;;;;;;;;;;;;;;;;;;;;;;;;;;;;;;;;;;;;;;;;;;;;;;;;;;;;;;;;;;;;;;;;;;;;;;;
1001;Tumaco;Nariño;52835;San Andrés de Tumaco;37,77267187;Rural;Alejada;;;;;;;;;;;;;;;;;;;;;;22,1;;;;;;;;;;;;;;;;;;;;;;;;;;;;;;;;;;;;;;;;;;;;;;;;;;;;;;;;;;;;;;;;;;;;;;;;;;;;;;;;;;;;;;;;;;;;;;;;;;;;;;;;;;;;;;;;;;;;;;;;;;;;;;;;
122;Providencia;Archipiélago de San Andrés;88564;Providencia;37,61776443;Rural;Insular;;;;;;;;;;;;;;;;;;;;;;;;;;;;;;;;;;;;;;;;;;;;;;;;;;;;;;;;;;;;;;;;;;;;;;;;;;;;;;;;;;;;;;;;;;;;;;;;;;;;;;;;;;;;;;;;;;;;;;;;;;;;;;;;;;;;;;;;;;;;;;;;;;;;;;
830;Centro;Huila;41298;Garzón;37,25643087;Rural;Cercana a Intermedia;;;;;;;;;;;;;29,6;;;;;;;;23;;21,5;;;;;;;;15,9;;;;13,5;;;;;;;;;;;;;;;;;;;;;;;;;;;;;;;;;;;;;;;;;;;;;;;;;;;;;;;;;;;;;;;;;;;;;;;;;;;;;;;;;;;;;;;;;;;;;;;;;;;;;;;;;;;;;;;;;;;
80;Suroeste;Antioquia;5034;Andes;36,74951917;Rural;Cercana a Metropolitana;;55,4;;;;;35,8;35,5;;34,7;;;;;;;;;;;;;;;20,2;;;;;;;15,3;;;;;;;;;;;;;8,5;;;;;;;;;;;;;;;;;;;;;;;;;;;;;;;;;;;;;;;;;;;;;;;;;;;;;;;;;;;;;;;;;;;;;;;;;;;;;;;;;;;;;;;;;;;;;;;;;;;;;;;;;
940;Ariari;Meta;50313;Granada;36,67164851;Rural;Periurbana;63,3;;;;;;;;;;;31;;;27,4;;;23,7;;;;;;;;;;;;16,9;;;;;;;;;;;;;;;;;;;;;;;;;;;;;;;;;;;;;;;;;;;;;;;;;;;;;;;;;;;;;;;;;;;;;;;;;;;;;;;;;;;;;;;;;;;;;;;;;;;;;;;;;;;;;;;;;;;;;;;;
1092;Orito Ingi Ande;Putumayo;86568;Puerto Asís;36,0273916;Rural;Alejada;;;;;;;;;;;;;;;;;;;;;;;;;;;;;;;;;;;;;;;;;;;;;;;;;;;;;;;;;;;;;;;;;;;;;;;;;;;;;;;;;;;;;;;;;;;;;;;;;;;;;;;;;;;;;;;;;;;;;;;;;;;;;;;;;;;;;;;;;;;;;;;;;;;;;;
1340;Nevados;Tolima;73411;Líbano;35,58685412;Rural;Cercana a Urbana;64,4;;;;;;37;36,7;;35,9;;;31,3;;28,5;;;24,8;;;24,7;;23,2;;;;;;;18;;;;;;;;;12,8;;;;;;;9,4;;;;;;;;;;;;;;;;;;;;;;;;;;;;;;;;;;;;;;;;;;;;;;;;;;;;;;;;;;;;;;;;;;;;;;;;;;;;;;;;;;;;;;;;;;;;;;;;;;;;;;;;
50;Norte;Antioquia;5887;Yarumal;34,96817435;Rural;Cercana a Metropolitana;;57,1;;;;;;;;;;;;;;;;;25,4;;;;;;;;;;;;;17,1;;;;;;;;;;;;;;;;;9;;;;;;;;;;;;;;;;;;;;;;;;;;;;;;;;;;;;;;;;;;;;;;;;;;;;;;;;;;;;;;;;;;;;;;;;;;;;;;;;;;;;;;;;;;;;;;;;;;;;;
40;Nordeste;Antioquia;5736;Segovia;34,83513307;Rural;Cercana a Metropolitana;;57,3;;;;;;;;;;;;;;;;;25,5;;;;;;;;;;;;;17,2;;;;;;;;;;;;;;;;;9,2;;;;;;;;;;;;;;;;;;;;;;;;;;;;;;;;;;;;;;;;;;;;;;;;;;;;;;;;;;;;;;;;;;;;;;;;;;;;;;;;;;;;;;;;;;;;;;;;;;;;;
410;Norte;Caldas;17013;Aguadas;34,68237653;Rural;Cercana a Metropolitana;;57,4;;;;;37,9;37,6;;36,8;;;;;;;;;;;;;;;22,3;;;;;;;17,4;;;;;;;;;;;;;;;;;;;;;;;;;;;;;;;;;;;;;;;;;;;;;;;;;;;;;;;;;;;;;;;;;;;;;;;;;;;;;;;;;;;;;;;;;;;;;;;;;;;;;;;;;;;;;;;;;;;;;;
590;Alto Sinú;Córdoba ;23807;Tierralta;34,61143444;Rural;Cercana a Urbana;;;;;;41,4;;;;;;;;30,8;;;;;25,7;;;;;;;;;;;;;;17,3;;;;;;;13,7;;12,1;;10,8;;;;;9,4;;;7,7;;;;;;;;;;;;;;;;;;;;;;;;;;;;;;;;;;;;;;;;;;;;;;;;;;;;;;;;;;;;;;;;;;;;;;;;;;;;;;;;;;;;;;;;;;;;;;;;;;
180;Depresión Momposina;Bolívar;13468;Mompós;34,55780829;Rural;Cercana a Urbana;;;;;;41,5;;;;;34,3;;;30,9;;;29,4;;25,8;25,8;;;;;;;;;19,7;;;;17,4;16,8;;;;;;13,8;;;11;10,9;;;10;;9,5;;;7,7;;;;;;;;;;;;;;;;;;;;;;;;;;;;;;;;;;;;;;;;;;;;;;;;;;;;;;;;;;;;;;;;;;;;;;;;;;;;;;;;;;;;;;;;;;;;;;;;;;
82;Cartama;Antioquia;5368;Jericó;34,42695065;Rural;Cercana a Metropolitana;;57,7;;;;;38,1;37,9;;37;;;;;;;;;;;;;;23,2;22,5;;;;;;;17,6;;;;;;;;;;;;;10,8;;;;;;;;;;;;;;;;;;;;;;;;;;;;;;;;;;;;;;;;;;;;;;;;;;;;;;;;;;;;;;;;;;;;;;;;;;;;;;;;;;;;;;;;;;;;;;;;;;;;;;;;;
1091;Piedemonte;Putumayo;86001;Mocoa;34,30783348;Rural;Alejada;;;;;;;;;;;;;;;;;;;;;;25,6;;;;;;;;;;;;;;;;;;;;;;;;;;;;;;;;;;;;;;;;;;;;;;;;;;;;;;;;;;;;;;;;;;;;;;;;;;;;;;;;;;;;;;;;;;;;;;;;;;;;;;;;;;;;;;;;;;;;;;;;;;;;;;;;
910;Río;Magdalena;47551;Pivijay;34,1278488;Rural;Cercana a Metropolitana;;;57,1;;;41,9;;;;;34,8;;;31,3;;;29,8;;;26,2;;;;;;;;;;;;;17,8;17,2;;;;14,4;;14,2;;;11,4;11,3;;;;;;;;;;;;;;;;;;;;;;;;;;;;;;;;;;;;;;;;;;;;;;;;;;;;;;;;;;;;;;;;;;;;;;;;;;;;;;;;;;;;;;;;;;;;;;;;;;;;;;;;;;
370;Alto Occidente;Caldas;17614;Riosucio;33,95987041;Rural;Cercana a Urbana;;58,1;;49,3;;;38,6;38,3;;37,5;;;32,9;;;;;;;;;;;23,6;23;;22,7;;;;;18,1;;;;;;;;;13,2;;;;;11;;;;9,2;;;;;;;;;;;;;;;;;;;;;;;;;;;;;;;;;;;;;;;;;;;;;;;;;;;;;;;;;;;;;;;;;;;;;;;;;;;;;;;;;;;;;;;;;;;;;;;;;;;;
850;Occidente;Huila;41396;La Plata;33,94176428;Rural;Cercana a Intermedia;;;;;;;;;;;;;32,9;;;;;;;;26,3;;24,8;;;;;;;;19,2;;;;16,8;;;;;;;;;;;;;;;9,3;;;;;;;;;;;;;;;;;;;;;;;;;;;;;;;;;;;;;;;;;;;;;;;;;;;;;;;;;;;;;;;;;;;;;;;;;;;;;;;;;;;;;;;;;;;;;;;;;;;;
1280;San Jorge;Sucre;70708;San Marcos;33,78447995;Rural;Periurbana;;;;;;42,3;;;;;;;;31,7;;;;;26,6;26,6;;;;;;;;;;;;;18,2;;;;;;;14,5;;13;;11,6;;;;;10,2;;;8,5;;;;;;;;;;;;;;;;;;;;;;;;;;;;;;;;;;;;;;;;;;;;;;;;;;;;;;;;;;;;;;;;;;;;;;;;;;;;;;;;;;;;;;;;;;;;;;;;;;
1180;Comunera;Santander;68755;Socorro;33,59835818;Rural;Cercana a Urbana;66,4;;;;;;;;38,2;;;;;;;;;26,8;;;;;;;;23,3;;21,8;20,7;;;;;;;16,5;;;;;;;;;;;;;;;;;;;;;;;;;;;;;;;;;;;;;;;;;;;;;;;;;;;;;;;;;;;;;;;;;;;;;;;;;;;;;;;;;;;;;;;;;;;;;;;;;;;;;;;;;;;;;;;;;;
690;Gualivá;Cundinamarca;25875;Villeta;33,42196326;Rural;Cercana a Metropolitana;66,6;;;;;;39,1;;;;;34,2;33,5;;30,6;;;27;;;;;25,3;;;23,4;;22;20,9;20,2;;;;;;16,7;;;14,9;;;;;;;11,5;;;;;;;;;;;;;;;;;;;;;;;;;;;;;;;;;;;;;;;;;;;;;;;;;;;;;;;;;;;;;;;;;;;;;;;;;;;;;;;;;;;;;;;;;;;;;;;;;;;;;;;;
1330;Suroriente;Tolima;73319;Guamo;33,4195557;Rural;Periurbana;66,6;;;;;;39,1;38,9;;38;;34,2;33,5;;30,6;;;27;;;26,8;;25,3;24,2;23,5;23,4;;;;20,2;;;;;;;;;15;;13,8;;;;;11,5;;;;;;;;;;;;;;;;;;;;;;;;;;;;;;;;;;;;;;;;;;;;;;;;;;;;;;;;;;;;;;;;;;;;;;;;;;;;;;;;;;;;;;;;;;;;;;;;;;;;;;;;
790;Tequendama;Cundinamarca;25386;La Mesa;33,38426775;Rural;Perimetropolitana;66,6;;;;;;;38,9;;38,1;;34,3;33,5;;30,7;;;27;;;26,9;;25,4;;;23,5;;22,1;;20,2;;;;;;16,7;;;15;;;;;;;11,6;;;;;;;;;;;;;;;;;;;;;;;;;;;;;;;;;;;;;;;;;;;;;;;;;;;;;;;;;;;;;;;;;;;;;;;;;;;;;;;;;;;;;;;;;;;;;;;;;;;;;;;;
1190;García Rovira;Santander;68432;Málaga;32,8295113;Rural;Cercana a Urbana;;;;;45,3;;;;39;;;;;;;;;;;;;;;;;24;;22,6;;;;;;;;;;;;;;;;;;;;11,6;;;;;;;;;;;;;;;;;;;;;;;;;;;;;;;;;;;;;;;;;;;;;;;;;;;;;;;;;;;;;;;;;;;;;;;;;;;;;;;;;;;;;;;;;;;;;;;;;;;;;;
580;San Juan;Chocó;27361;Istmina;32,4290855;Rural;Cercana a Intermedia;;;;;;;;39,9;;39;;;;;;;;;;;;;;;24,5;;;;;;;;;;;;;;;;;;;;12,8;;;;;;;;;;;;;;;;;;;;;;;;;;;;;;;;;;;;;;;;;;;;;;;;;;;;;;;;;;;;;;;;;;;;;;;;;;;;;;;;;;;;;;;;;;;;;;;;;;;;;;;;;
210;Magdalena Medio;Bolívar;13670;San Pablo;31,85415579;Rural;Aislada;;;;;;;;;;;;;;;;;;;;;;;;;;;;;;;;;;;;;;;;;;;;;;;;;;;;;;;;;;;;;;;;;;;;;;;;;;;;;;;;;;;;;;;;;;;;;;;;;;;;;;;;;;;;;;;;;;;;;;;;;;;;;;;;;;;;;;;;;;;;;;;;;;;;;;
290;Neira;Boyacá;15299;Garagoa;31,24808422;Rural;Cercana a Metropolitana;68,8;;;;;;;;;;;36,4;;;32,8;;;29,1;;;;;27,5;;;25,6;;24,2;;22,3;;;;;;18,8;17,9;;;;;;;;;;;;;;;;;;;;;;;;;;;;;;;;;;;;;;;;;;;;;;;;;;;;;;;;;;;;;;;;;;;;;;;;;;;;;;;;;;;;;;;;;;;;;;;;;;;;;;;;;;;;;;;;;
1231;Vélez Sur;Santander;68077;Barbosa;30,86547556;Rural;Cercana a Metropolitana;69,1;;;;;;;;40,9;;;;;;33,2;;;29,5;;;;;;;;26;;24,6;23,4;22,7;;;;;;19,2;;;;;;;;;;;;;;;;;;;;;;;;;;;;;;;;;;;;;;;;;;;;;;;;;;;;;;;;;;;;;;;;;;;;;;;;;;;;;;;;;;;;;;;;;;;;;;;;;;;;;;;;;;;;;;;;;;
380;Alto Oriente;Caldas;17433;Manzanares;30,74998912;Rural;Cercana a Urbana;;;;;;;41,8;41,5;;40,7;;;36,1;;33,3;;;;;;;;28;26,9;26,2;;;;;22,8;;;;;;;;;17,6;;;;;;;14,2;;;;;;;;;;;;;;;;;;;;;;;;;;;;;;;;;;;;;;;;;;;;;;;;;;;;;;;;;;;;;;;;;;;;;;;;;;;;;;;;;;;;;;;;;;;;;;;;;;;;;;;;
71;La Paz;Antioquia;5756;Sonsón;29,97620508;Rural;Cercana a Metropolitana;;62,1;;;;;42,6;;;;;;;;;;;;;;;;;;;;;;;;;22,1;;;;;;;;;;;;;;;;;;;;;;;;;;;;;;;;;;;;;;;;;;;;;;;;;;;;;;;;;;;;;;;;;;;;;;;;;;;;;;;;;;;;;;;;;;;;;;;;;;;;;;;;;;;;;;;;;;;;;;
660;Almeidas;Cundinamarca;25183;Chocontá;29,73620831;Rural;Perimetropolitana;70,3;;;;;;;;;;;37,9;37,1;;34,3;;;30,6;;;;;29;;;27,1;;25,7;;23,9;;;;;;20,3;;;18,6;;;;;;;15,2;;;;;;;;;;;;;;;;;;;;;;;;;;;;;;;;;;;;;;;;;;;;;;;;;;;;;;;;;;;;;;;;;;;;;;;;;;;;;;;;;;;;;;;;;;;;;;;;;;;;;;;;
330;Ricaurte;Boyacá;15469;Moniquirá;29,61950136;Rural;Cercana a Metropolitana;70,4;;;;;;;;42,2;;;;;;34,4;;;30,8;;;;;;;;27,2;;25,8;24,7;24;;;;;;20,5;;;;;;;;;;;;;;;;;;;;;;;;;;;;;;;;;;;;;;;;;;;;;;;;;;;;;;;;;;;;;;;;;;;;;;;;;;;;;;;;;;;;;;;;;;;;;;;;;;;;;;;;;;;;;;;;;;
81;Penderisco-Sinifaná;Antioquia;5847;Urrao;29,34017439;Rural;Cercana a Metropolitana;;62,8;;;;;;;;;;;;;;;;;;;;;;;;;;;;;;22,7;;;;;;;;;;;;;;;;;;;;;;;;;;;;;;;;;;;;;;;;;;;;;;;;;;;;;;;;;;;;;;;;;;;;;;;;;;;;;;;;;;;;;;;;;;;;;;;;;;;;;;;;;;;;;;;;;;;;;;
72;Embalses;Antioquia;5667;San Rafael;28,93603205;Rural;Cercana a Metropolitana;;63,2;;;;;;;;;;;;;;;;;;;;;;;;;;;;;;23,1;;;;;;;19,4;;;;;;;16;;;;;;;;;;;;;;;;;;;;;;;;;;;;;;;;;;;;;;;;;;;;;;;;;;;;;;;;;;;;;;;;;;;;;;;;;;;;;;;;;;;;;;;;;;;;;;;;;;;;;;;;
60;Occidente;Antioquia;5042;Santafé de Antioquia;28,88275106;Rural;Perimetropolitana;;63,2;;;;;43,7;43,4;;;;;;;;;;;;;;;;;28,1;;;;;;;23,2;;;;;;;;;;;;;16,3;;;;;;;;;;;;;;;;;;;;;;;;;;;;;;;;;;;;;;;;;;;;;;;;;;;;;;;;;;;;;;;;;;;;;;;;;;;;;;;;;;;;;;;;;;;;;;;;;;;;;;;;;
1411;Puerto Carreno;Vichada;99001;Puerto Carreño;28,02387091;Rural;Alejada;;;;;;;;;;;;;;;;;;;;;;;;;;;;;;;;;;;;;;;;;;;;;;;;;;;;;;;;;;;;;;;;;;;;;;;;;;;;;;;;;;;;;;;;;;;;;;;;;;;;;;;;;;;;;;;;;;;;;;;;;;;;;;;;;;;;;;;;;;;;;;;;;;;;;;
1160;Vertiente Occidente;Risaralda;66088;Belén de Umbría;28,00713693;Rural;Periurbana;;64,1;;55,3;;;44,5;44,3;;43,4;;;38,9;;;;;;;;;;30,8;29,6;28,9;;28,7;;;;;;;;;;;;;;19,2;;;;17,2;16,9;;;;15,2;;;;;;;;;;;;;;;;;;;;;;;;;;;;;;;;;;;;;;;;;;;;;;;;;;;;;;;;;;;;;;;;;;;;;;;;;;;;;;;;;;;;;;;;;;;;;;;;;;;;
1310;Sur;Tolima;73168;Chaparral;27,97102866;Rural;Cercana a Urbana;72;;;;;;;;;43,5;;;38,9;;36,1;;;;;;32,3;;30,8;;;;;;;25,6;;;;;;;;;20,4;;;;;;;17;;;;;;;;;;;;;;;;;;;;;;;;;;;;;;;;;;;;;;;;;;;;;;;;;;;;;;;;;;;;;;;;;;;;;;;;;;;;;;;;;;;;;;;;;;;;;;;;;;;;;;;;
442;Llanura;Casanare;85250;Paz de Ariporo;27,5944424;Rural;Cercana a Intermedia;;;;;;;;;;;;;;;;;;;;;;;;;;;;27,8;;;;;;;;;21,6;;;;;;;;;;;;;;15;;;;;;;;;;;;;;;;;;;;;;;;;;;;;;;;;;;;;;;;;;;;;;;;;;;;;;;;;;;;;;;;;;;;;;;;;;;;;;;;;;;;;;;;;;;;;;;;;;;
1080;Suroriente;Norte de Santander;54172;Chinácota;27,50968842;Rural;Periurbana;;;;;50,6;;;;44,3;;;;;;;;;;;;;;;;;;;;;;;;;;;;;;;;;;;;;;17;17;;;;;;;;;;;;;;;;;;;;;;;;;;;;;;;;;;;;;;;;;;;;;;;;;;;;;;;;;;;;;;;;;;;;;;;;;;;;;;;;;;;;;;;;;;;;;;;;;;;;;;
691;Guaduas;Cundinamarca;25320;Guaduas;27,25018381;Rural;Cercana a Urbana;72,7;64,9;;;;;45,3;45;;;;;39,6;;36,8;;;33,1;;;33;;31,5;;;29,6;;28,2;27;26,3;;24,8;;;;22,8;;;21,1;;;;;;;17,7;;;;;;;;;;;;;;;;;;;;;;;;;;;;;;;;;;;;;;;;;;;;;;;;;;;;;;;;;;;;;;;;;;;;;;;;;;;;;;;;;;;;;;;;;;;;;;;;;;;;;;;;
1040;Norte;Norte de Santander;54810;Tibú;27,02471922;Rural;Cercana a Urbana;;;;;51,1;;;;;;;;;;;;;;;;;;;;;;;;;;;;;;;;;;;;;;;;;;17,5;17,5;;;;;;;;;;;;;;;;;;;;;;;;;;;;;;;;;;;;;;;;;;;;;;;;;;;;;;;;;;;;;;;;;;;;;;;;;;;;;;;;;;;;;;;;;;;;;;;;;;;;;;
820;Guaviare;Meta, Guaviare;95001;San José del Guaviare;26,35711615;Rural;Alejada;;;;;;;;;;;;41,3;;;;;;;;;;;;;;;;;;;;;;;;;;;;;;;;;;;;;;;;;;;;;;;;;;;;;;;;;;;;;;;;;;;;;;;;;;;;;;;;;;;;;;;;;;;;;;;;;;;;;;;;;;;;;;;;;;;;;;;;;;;;;;;;;;;;;;;;;;
970;Río Meta;Meta;50568;Puerto Gaitán;26,00591935;Rural;Cercana a Urbana;;;;;;;;;;;;41,6;;;;;;;;;;;;;;;;;;;;;;;;;;;;;;;;;;;;;;;;;;;;;;;;;;;;;;;;;;;;;;;;;;;;;;;;;;;;;;;;;;;;;;;;;;;;;;;;;;;;;;;;;;;;;;;;;;;;;;;;;;;;;;;;;;;;;;;;;;
1010;Norte;Nariño;52399;La Unión;25,62278723;Rural;Cercana a Intermedia;;;;;;;;;;;;;;;;;;;;;;34,3;;;;;;;;;;;;;;;;;;;;;;;;;;;;;;;;;;;;;;;;;;;;;;;;;;;;;;;;;;;;;;;;;;;;;;;;;;;;;;;;;;;;;;;;;;;;;;;;;;;;;;;;;;;;;;;;;;;;;;;;;;;;;;;;
740;Río Negro;Cundinamarca;25513;Pacho;25,55557808;Rural;Perimetropolitana;74,4;;;;;;;;;;;42,1;41,3;;38,5;;;34,8;;;;;33,2;;;31,3;;29,9;;28;;;;;;24,5;;;22,8;;;;;;;19,4;;;;;;;;;;;;;;;;;;;;;;;;;;;;;;;;;;;;;;;;;;;;;;;;;;;;;;;;;;;;;;;;;;;;;;;;;;;;;;;;;;;;;;;;;;;;;;;;;;;;;;;;
300;Norte;Boyacá;15753;Soatá;25,50112202;Rural;Cercana a Intermedia;74,5;;;;;;;;;;;;;;;;;34,9;;;;;;;;31,4;;29,9;;;;;;;;24,6;;;;;;;;;;;;19;;;;;;;;;;;;;;;;;;;;;;;;;;;;;;;;;;;;;;;;;;;;;;;;;;;;;;;;;;;;;;;;;;;;;;;;;;;;;;;;;;;;;;;;;;;;;;;;;;;;;;
990;Centro Occidente;Nariño;52838;Túquerres;25,45513888;Rural;Cercana a Intermedia;;;;;;;;;;;;;;;;;;;;;;34,4;;;;;;;;;;;;;;;;;;;;;;;;;;;;;;;;;;;;;;;;;;;;;;;;;;;;;;;;;;;;;;;;;;;;;;;;;;;;;;;;;;;;;;;;;;;;;;;;;;;;;;;;;;;;;;;;;;;;;;;;;;;;;;;;
200;Loba;Bolívar;13667;San Martín de Loba;25,26600582;Rural;Alejada;;;;;;;;;;;;;;;;;;;;;;;;;;;;;;;;;;;;;;;;;;;;;;;;;;;;;;;;;;;;;;;;;;;;;;;;;;;;;;;;;;;;;;;;;;;;;;;;;;;;;;;;;;;;;;;;;;;;;;;;;;;;;;;;;;;;;;;;;;;;;;;;;;;;;;
432;El Caguán;Caquetá, Meta;18753;San Vicente del Caguán;24,55441678;Rural;Cercana a Intermedia;;;;;;;;;;;;;;;;;;;;;;;;;;;;;;;;;;;26,2;;;;;;;;;;;;;;;;;;;;;;;;;;;;;;;;;;;;;;;;;;;;;;;;;;;;;;;;;;;;;;;;;;;;;;;;;;;;;;;;;;;;;;;;;;;;;;;;;;;;;;;;;;;;;;;;;;;
730;Oriente;Cundinamarca, Meta;25151;Caqueza;24,3828809;Rural;Periurbana;75,6;;;;;;;;;;;43,3;42,5;;39,7;;;36;;;;;34,4;;;32,5;;31,1;;29,2;;;;;;25,7;;;24;;;;;;;20,6;;;;;;;;;;;;;;;;;;;;;;;;;;;;;;;;;;;;;;;;;;;;;;;;;;;;;;;;;;;;;;;;;;;;;;;;;;;;;;;;;;;;;;;;;;;;;;;;;;;;;;;;
1232;Vélez Norte;Santander;68190;Cimitarra;24,11646263;Rural;Cercana a Urbana;;68;;;;;;;47,7;;;;;;;;;36,3;;;;;34,6;;;32,7;;31,3;30,2;;;27,9;;27,2;;26;;;24,3;;;;;;;20,8;20,4;;;;;;;;;;;;;;;;;;;;;;;;;;;;;;;;;;;;;;;;;;;;;;;;;;;;;;;;;;;;;;;;;;;;;;;;;;;;;;;;;;;;;;;;;;;;;;;;;;;;;;;
1240;Mojana Sucreña;Sucre;70429;Majagual;23,53581702;Rural;Cercana a Urbana;;;;;;;;;;;;;;41,9;;;;;36,8;;;;;;;;;;;;;;28,4;;;;;;;24,8;;;;21,9;;;;;20,5;;;18,8;;;;;;;;;;;;;;;;;;;;;;;;;;;;;;;;;;;;;;;;;;;;;;;;;;;;;;;;;;;;;;;;;;;;;;;;;;;;;;;;;;;;;;;;;;;;;;;;;;
620;Costanera;Córdoba ;23675;San Bernardo del Viento;23,32037649;Rural;Periurbana;;;67,9;;;52,7;;;;;;;;42,1;;;;;37;37;;;;;;;;;;;;;28,6;;;;;;;25;;23,4;;22,1;;;;;20,7;;;19;;;;;;;;;;;;;;;;;;;;;;;;;;;;;;;;;;;;;;;;;;;;;;;;;;;;;;;;;;;;;;;;;;;;;;;;;;;;;;;;;;;;;;;;;;;;;;;;;;
1002;Sanquianga;Nariño;52490;Olaya Herrera;23,04144184;Rural;Aislada;;;;;;;;;;;;;;;;;;;;;;;;;;;;;;;;;;;;;;;;;;;;;;;;;;;;;;;;;;;;;;;;;;;;;;;;;;;;;;;;;;;;;;;;;;;;;;;;;;;;;;;;;;;;;;;;;;;;;;;;;;;;;;;;;;;;;;;;;;;;;;;;;;;;;;
270;Lengupa;Boyacá;15455;Miraflores;22,02728943;Rural;Cercana a Intermedia;78;;;;;;;;;;;;;;;;;38,4;;;;;;;;34,8;;33,4;;;;;;;;28;;;;;;;;;;;;;;;;;;;;;;;;;;;;;;;;;;;;;;;;;;;;;;;;;;;;;;;;;;;;;;;;;;;;;;;;;;;;;;;;;;;;;;;;;;;;;;;;;;;;;;;;;;;;;;;;;;
720;Medina;Cundinamarca, Meta;50110;Barranca de Upía;21,91636596;Rural;Cercana a Urbana;78,1;;;;;;;;;;;45,7;;;42,1;;;38,5;;;;;;;;34,9;;;;;;;;;;;27,2;;;;;;;;;;;;;;;;;;;;;;;;;;;;;;;;;;;;;;;;;;;;;;;;;;;;;;;;;;;;;;;;;;;;;;;;;;;;;;;;;;;;;;;;;;;;;;;;;;;;;;;;;;;;;;;;;
360;Valderrama;Boyacá;15087;Belén;20,92579396;Rural;Cercana a Metropolitana;79,1;;;;;;;;;;;;;;43,1;;;39,5;;;;;;;;35,9;;34,5;;32,7;;;;;;29,2;28,2;;;;;;;;;;;;;;;;;;;;;;;;;;;;;;;;;;;;;;;;;;;;;;;;;;;;;;;;;;;;;;;;;;;;;;;;;;;;;;;;;;;;;;;;;;;;;;;;;;;;;;;;;;;;;;;;;
311;Esmeraldas;Boyacá;15480;Muzo;20,23490288;Rural;Cercana a Intermedia;79,8;;;;;;;;;;;;;;43,8;;;40,1;;;;;;;;36,6;;35,2;;;;;;;;29,8;;;28,1;;;;;;;24,7;;;;;;;;;;;;;;;;;;;;;;;;;;;;;;;;;;;;;;;;;;;;;;;;;;;;;;;;;;;;;;;;;;;;;;;;;;;;;;;;;;;;;;;;;;;;;;;;;;;;;;;;
1003;Telembí;Nariño;52079;Barbacoas;20,16741257;Rural;Alejada;;;;;;;;;;;;;;;;;;;;;;39,7;;;;;;;;;;;;;;;;;;;;;;;;;;;;;;;;;;;;;;;;;;;;;;;;;;;;;;;;;;;;;;;;;;;;;;;;;;;;;;;;;;;;;;;;;;;;;;;;;;;;;;;;;;;;;;;;;;;;;;;;;;;;;;;;
700;Guavio;Cundinamarca;25322;Guasca;20,16696036;Rural;Perimetropolitana;79,8;;;;;;;;;;;47,5;46,7;;43,9;;;40,2;;;;;38,6;;;36,7;;35,3;;33,4;;;;;;29,9;;;28,2;;;;;;;24,8;;;;;;;;;;;;;;;;;;;;;;;;;;;;;;;;;;;;;;;;;;;;;;;;;;;;;;;;;;;;;;;;;;;;;;;;;;;;;;;;;;;;;;;;;;;;;;;;;;;;;;;;
490;Sur;Cauca;19532;Patía;20,03706064;Rural;Cercana a Intermedia;;;;63,2;;;;;;;;;;;;;;;;;;39,9;;;;;;;;;33,1;;;;;;;;;;;;;;;;;;;23,2;;;;;;;;;;;;;;;;;;;;;;;;;;;;;;;;;;;;;;;;;;;;;;;;;;;;;;;;;;;;;;;;;;;;;;;;;;;;;;;;;;;;;;;;;;;;;;;;;;;;
280;Márquez;Boyacá;15599;Ramiriquí;19,96755604;Rural;Cercana a Metropolitana;80;;;;;;;;;;;47,7;;;44,1;;;40,4;;;;;38,8;;;36,9;;35,5;;33,6;;;;;;30,1;;;;;;;;;;;;;;;;;;;;;;;;;;;;;;;;;;;;;;;;;;;;;;;;;;;;;;;;;;;;;;;;;;;;;;;;;;;;;;;;;;;;;;;;;;;;;;;;;;;;;;;;;;;;;;;;;;
470;Occidente;Cauca;19318;Guapi;19,90708631;Rural;Aislada;;;;;;;;;;;;;;;;;;;;;;;;;;;;;;;;;;;;;;;;;;;;;;;;;;;;;;;;;;;;;;;;;;;;;;;;;;;;;;;;;;;;;;;;;;;;;;;;;;;;;;;;;;;;;;;;;;;;;;;;;;;;;;;;;;;;;;;;;;;;;;;;;;;;;;
92;Urabá Sur;Antioquia;5234;Dabeiba;19,90006798;Rural;Cercana a Intermedia;;72,2;;;;;;;;;;;;;;;;;;;;;;;;;;;;;;32,1;;;;;;;;;;26,9;;;;;;;;;;;;;;;;;;;;;;;;;;;;;;;;;;;;;;;;;;;;;;;;;;;;;;;;;;;;;;;;;;;;;;;;;;;;;;;;;;;;;;;;;;;;;;;;;;;;;;;;;;;;
550;Darién;Chocó;27615;Riosucio;18,75735348;Rural;Cercana a Intermedia;;;;;;;;;;;;;;;;;;;;;;;;;;;;;;;;;;;;;;;;;;28;;;;;;;;;;;;;;;;;;;;;;;;;;;;;;;;;;;;;;;;;;;;;;;;;;;;;;;;;;;;;;;;;;;;;;;;;;;;;;;;;;;;;;;;;;;;;;;;;;;;;;;;;;;;
1030;Centro;Norte de Santander;54660;Salazar;18,50500033;Rural;Periurbana;;;;;59,6;;;;;;;;;;;;;;;;;;;;;;;;;;;;;;;;;;;;;;;;;;26;26;;;;;;;;;;;;;;;;;;;;;;;;;;;;;;;;;;;;;;;;;;;;;;;;;;;;;;;;;;;;;;;;;;;;;;;;;;;;;;;;;;;;;;;;;;;;;;;;;;;;;;
113;Oriente;Arauca;81591;Puerto Rondón;17,00806517;Rural;Cercana a Intermedia;;;;;;;;;;;;;;;;;;;;;;;;;;;;;;;;;;;;;32,1;;;;;;;;;;;;;;25,6;;;;;;;;;;;;;;;;;;;;;;;;;;;;;;;;;;;;;;;;;;;;;;;;;;;;;;;;;;;;;;;;;;;;;;;;;;;;;;;;;;;;;;;;;;;;;;;;;;;
560;Pacífico Norte;Chocó;27075;Bahía Solano;16,6897822;Rural;Aislada;;;;;;;;;;;;;;;;;;;;;;;;;;;;;;;;;;;;;;;;;;;;;;;;;;;;;;;;;;;;;;;;;;;;;;;;;;;;;;;;;;;;;;;;;;;;;;;;;;;;;;;;;;;;;;;;;;;;;;;;;;;;;;;;;;;;;;;;;;;;;;;;;;;;;;
710;Magdalena Centro;Cundinamarca;25662;San Juan de Río Seco;16,25045046;Rural;Cercana a Metropolitana;83,7;;;;;;56,3;;;55,2;;51,4;50,6;;47,8;;;44,1;;;44;;42,5;;;40,6;;39,2;38;37,3;;;;;;33,8;;;32,1;;;;;;;28,7;;;;;;;;;;;;;;;;;;;;;;;;;;;;;;;;;;;;;;;;;;;;;;;;;;;;;;;;;;;;;;;;;;;;;;;;;;;;;;;;;;;;;;;;;;;;;;;;;;;;;;;;
810;Guainía;Guainía;94001;Inírida;15,20079777;Rural;Aislada;;;;;;;;;;;;;;;;;;;;;;;;;;;;;;;;;;;;;;;;;;;;;;;;;;;;;;;;;;;;;;;;;;;;;;;;;;;;;;;;;;;;;;;;;;;;;;;;;;;;;;;;;;;;;;;;;;;;;;;;;;;;;;;;;;;;;;;;;;;;;;;;;;;;;;
220;Mojana Bolivarense;Bolívar;13006;Achí;15,07101165;Rural;Cercana a Urbana;;;;;;;;;;;;;;50,4;;;;;45,3;;;;;;;;;;;;;;36,9;;;;;;;;;;;30,4;;;;;28,9;;;27,2;;;;;;;;;;;;;;;;;;;;;;;;;;;;;;;;;;;;;;;;;;;;;;;;;;;;;;;;;;;;;;;;;;;;;;;;;;;;;;;;;;;;;;;;;;;;;;;;;;
250;Gutiérrez;Boyacá;15244;El Cocuy;13,98179955;Rural;Alejada;;;;;;;;;;;;;;;;;;;;;;;;;;;;41,5;;;;;;;;;;;;;;;;;;;;;;;;;;;;;;;;;;;;;;;;;;;;;;;;;;;;;;;;;;;;;;;;;;;;;;;;;;;;;;;;;;;;;;;;;;;;;;;;;;;;;;;;;;;;;;;;;;;;;;;;;;
872;Norte;La Guajira;44560;Manaure;13,48568148;Rural;Cercana a Intermedia;;;;;;;;;;;55,4;;;;;;50,4;;;;;;;;;;;;;;;;;;;;;35;;;;;32;;;;;;;;;;;;;;;;;;;;;;;;;;;;;;;;;;;;;;;;;;;;;;;;;;;;;;;;;;;;;;;;;;;;;;;;;;;;;;;;;;;;;;;;;;;;;;;;;;;;;;;;;;;
480;Oriente;Cauca;19743;Silvia;13,21078768;Rural;Cercana a Metropolitana;;;;70;;;;59,1;;58,2;;;;;;;;;;;;;;44,4;43,7;;43,5;;;;39,9;;;;;;;;;;34;;;;;;;;;30;;;;;;;;;;;;;;;;;;;;;;;;;;;;;;;;;;;;;;;;;;;;;;;;;;;;;;;;;;;;;;;;;;;;;;;;;;;;;;;;;;;;;;;;;;;;;;;;;;;;
570;Pacífico Sur;Chocó;27077;Bajo Baudó;11,35236328;Rural;Aislada;;;;;;;;;;;;;;;;;;;;;;;;;;;;;;;;;;;;;;;;;;;;;;;;;;;;;;;;;;;;;;;;;;;;;;;;;;;;;;;;;;;;;;;;;;;;;;;;;;;;;;;;;;;;;;;;;;;;;;;;;;;;;;;;;;;;;;;;;;;;;;;;;;;;;;
433;Río Caquetá;Caquetá;18205;Curillo;9,757213471;Rural;Cercana a Intermedia;;;;;;;;;;;;;;;;;;;;;;;;;;;;;;;;;;;41;;;;;;;;;;;;;;;;;;;;;;;;;;;;;;;;;;;;;;;;;;;;;;;;;;;;;;;;;;;;;;;;;;;;;;;;;;;;;;;;;;;;;;;;;;;;;;;;;;;;;;;;;;;;;;;;;;;
1400;Vaupés;Guaviare, Vaupés;97001;Mitú;7,391797566;Rural;Aislada;;;;;;;;;;;;;;;;;;;;;;;;;;;;;;;;;;;;;;;;;;;;;;;;;;;;;;;;;;;;;;;;;;;;;;;;;;;;;;;;;;;;;;;;;;;;;;;;;;;;;;;;;;;;;;;;;;;;;;;;;;;;;;;;;;;;;;;;;;;;;;;;;;;;;;
12;Amazonía;Putumayo, Amazonas;86573;Leguízamo;6,931745445;Rural;Aislada;;;;;;;;;;;;;;;;;;;;;;;;;;;;;;;;;;;;;;;;;;;;;;;;;;;;;;;;;;;;;;;;;;;;;;;;;;;;;;;;;;;;;;;;;;;;;;;;;;;;;;;;;;;;;;;;;;;;;;;;;;;;;;;;;;;;;;;;;;;;;;;;;;;;;;
260;La Libertad;Boyacá;15377;Labranzagrande;5,531538437;Rural;Cercana a Intermedia;;;;;;;;;;;;;;;;;;;;;;;;;;51,3;;49,9;;;;;;;;;43,6;;;;;;;;;;;;;;;;;;;;;;;;;;;;;;;;;;;;;;;;;;;;;;;;;;;;;;;;;;;;;;;;;;;;;;;;;;;;;;;;;;;;;;;;;;;;;;;;;;;;;;;;;;;;;;;;;
1412;Llanura;Vichada;99524;La Primavera;0;Rural;Alejada;;;;;;;;;;;;;;;;;;;;;;;;;;;;;;;;;;;;;;;;;;;;;;;;;;;;;;;;;;;;;;;;;;;;;;;;;;;;;;;;;;;;;;;;;;;;;;;;;;;;;;;;;;;;;;;;;;;;;;;;;;;;;;;;;;;;;;;;;;;;;;;;;;;;;;