codmun;Municipio1;codpro;Provincia;Departamento
5001;Medellin;100;Valle del Aburrá;Antioquia
5002;Abejorral;71;Sonsón;Antioquia
5004;Abriaqui;60;Occidente;Antioquia
5021;Alejandria;72;Represas;Antioquia
5030;Amaga;81;Penderisco-Sinifarná;Antioquia
5031;Amalfi;40;Nordeste;Antioquia
5034;Andes;80;Suroeste;Antioquia
5036;Angelopolis;81;Penderisco-Sinifarná;Antioquia
5038;Angostura;50;Norte;Antioquia
5040;Anori;40;Nordeste;Antioquia
5042;Santafe de Antioquia;60;Occidente;Antioquia
5044;Anza;81;Penderisco-Sinifarná;Antioquia
5045;Apartado;91;Urabá Norte;Antioquia
5051;Arboletes;91;Urabá Norte;Antioquia
5055;Argelia;71;Sonsón;Antioquia
5059;Armenia;60;Occidente;Antioquia
5079;Barbosa;100;Valle del Aburrá;Antioquia
5086;Belmira;50;Norte;Antioquia
5088;Bello;100;Valle del Aburrá;Antioquia
5091;Betania;80;Suroeste;Antioquia
5093;Betulia;81;Penderisco-Sinifarná;Antioquia
5101;Ciudad Bolivar;80;Suroeste;Antioquia
5107;Briceno;50;Norte;Antioquia
5113;Buritica;60;Occidente;Antioquia
5120;Caceres;20;Bajo Cauca;Antioquia
5125;Caicedo;81;Penderisco-Sinifarná;Antioquia
5129;Caldas;100;Valle del Aburrá;Antioquia
5134;Campamento;50;Norte;Antioquia
5138;Canasgordas;60;Occidente;Antioquia
5142;Caracoli;30;Magdalena Medio;Antioquia
5145;Caramanta;82;Cartama;Antioquia
5147;Carepa;91;Urabá Norte;Antioquia
5148;El Carmen de Viboral;70;Oriente;Antioquia
5150;Carolina;50;Norte;Antioquia
5154;Caucasia;20;Bajo Cauca;Antioquia
5172;Chigorodo;91;Urabá Norte;Antioquia
5190;Cisneros;40;Nordeste;Antioquia
5197;Cocorna;70;Oriente;Antioquia
5206;Concepcion;72;Represas;Antioquia
5209;Concordia;81;Penderisco-Sinifarná;Antioquia
5212;Copacabana;100;Valle del Aburrá;Antioquia
5234;Dabeiba;92;Urabá Sur;Antioquia
5237;Don Matias;50;Norte;Antioquia
5240;Ebejico;60;Occidente;Antioquia
5250;El Bagre;20;Bajo Cauca;Antioquia
5264;Entrerrios;50;Norte;Antioquia
5266;Envigado;100;Valle del Aburrá;Antioquia
5282;Fredonia;82;Cartama;Antioquia
5284;Frontino;60;Occidente;Antioquia
5306;Giraldo;60;Occidente;Antioquia
5308;Girardota;100;Valle del Aburrá;Antioquia
5310;Gomez Plata;50;Norte;Antioquia
5313;Granada;70;Oriente;Antioquia
5315;Guadalupe;50;Norte;Antioquia
5318;Guarne;70;Oriente;Antioquia
5321;Guatape;70;Oriente;Antioquia
5347;Heliconia;60;Occidente;Antioquia
5353;Hispania;80;Suroeste;Antioquia
5360;Itagui;100;Valle del Aburrá;Antioquia
5361;Ituango;50;Norte;Antioquia
5364;Jardin;82;Cartama;Antioquia
5368;Jerico;82;Cartama;Antioquia
5376;La Ceja;70;Oriente;Antioquia
5380;La Estrella;100;Valle del Aburrá;Antioquia
5390;La Pintada;82;Cartama;Antioquia
5400;La Union;70;Oriente;Antioquia
5411;Liborina;60;Occidente;Antioquia
5425;Maceo;30;Magdalena Medio;Antioquia
5440;Marinilla;70;Oriente;Antioquia
5467;Montebello;82;Cartama;Antioquia
5475;Murindo;92;Urabá Sur;Antioquia
5480;Mutata;92;Urabá Sur;Antioquia
5483;Narino;71;Sonsón;Antioquia
5490;Necocli;91;Urabá Norte;Antioquia
5495;Nechi;20;Bajo Cauca;Antioquia
5501;Olaya;60;Occidente;Antioquia
5541;Penol;70;Oriente;Antioquia
5543;Peque;60;Occidente;Antioquia
5576;Pueblorrico;82;Cartama;Antioquia
5579;Puerto Berrio;30;Magdalena Medio;Antioquia
5585;Puerto Nare;30;Magdalena Medio;Antioquia
5591;Puerto Triunfo;30;Magdalena Medio;Antioquia
5604;Remedios;40;Nordeste;Antioquia
5607;Retiro;70;Oriente;Antioquia
5615;Rionegro;70;Oriente;Antioquia
5628;Sabanalarga;60;Occidente;Antioquia
5631;Sabaneta;100;Valle del Aburrá;Antioquia
5642;Salgar;80;Suroeste;Antioquia
5647;San Andres de Cuerquia;50;Norte;Antioquia
5649;San Carlos;72;Represas;Antioquia
5652;San Francisco;71;Sonsón;Antioquia
5656;San Jeronimo;60;Occidente;Antioquia
5658;San Jose de la Montana;50;Norte;Antioquia
5659;San Juan de Uraba;91;Urabá Norte;Antioquia
5660;San Luis;72;Represas;Antioquia
5664;San Pedro;50;Norte;Antioquia
5665;San Pedro de Uraba;91;Urabá Norte;Antioquia
5667;San Rafael;72;Represas;Antioquia
5670;San Roque;40;Nordeste;Antioquia
5674;San Vicente;70;Oriente;Antioquia
5679;Santa Barbara;82;Cartama;Antioquia
5686;Santa Rosa de Osos;50;Norte;Antioquia
5690;Santo Domingo;40;Nordeste;Antioquia
5697;El Santuario;70;Oriente;Antioquia
5736;Segovia;40;Nordeste;Antioquia
5756;Sonson;71;Sonsón;Antioquia
5761;Sopetran;60;Occidente;Antioquia
5789;Tamesis;82;Cartama;Antioquia
5790;Taraza;20;Bajo Cauca;Antioquia
5792;Tarso;80;Suroeste;Antioquia
5809;Titiribi;81;Penderisco-Sinifarná;Antioquia
5819;Toledo;50;Norte;Antioquia
5837;Turbo;91;Urabá Norte;Antioquia
5842;Uramita;60;Occidente;Antioquia
5847;Urrao;81;Penderisco-Sinifarná;Antioquia
5854;Valdivia;50;Norte;Antioquia
5856;Valparaiso;82;Cartama;Antioquia
5858;Vegachi;40;Nordeste;Antioquia
5861;Venecia;82;Cartama;Antioquia
5873;Vigia del Fuerte;92;Urabá Sur;Antioquia
5885;Yali;40;Nordeste;Antioquia
5887;Yarumal;50;Norte;Antioquia
5890;Yolombo;40;Nordeste;Antioquia
5893;Yondo;30;Magdalena Medio;Antioquia
5895;Zaragoza;20;Bajo Cauca;Antioquia
8001;Barranquilla;130;Norte;Atlántico
8078;Baranoa;150;Centro Oriente;Atlántico
8137;Campo de la Cruz;140;Sur;Atlántico
8141;Candelaria;140;Sur;Atlántico
8296;Galapa;130;Norte;Atlántico
8372;Juan de Acosta;160;Occidente;Atlántico
8421;Luruaco;140;Sur;Atlántico
8433;Malambo;130;Norte;Atlántico
8436;Manati;140;Sur;Atlántico
8520;Palmar de Varela;150;Centro Oriente;Atlántico
8549;Piojo;160;Occidente;Atlántico
8558;Polonuevo;150;Centro Oriente;Atlántico
8560;Ponedera;150;Centro Oriente;Atlántico
8573;Puerto Colombia;130;Norte;Atlántico
8606;Repelon;140;Sur;Atlántico
8634;Sabanagrande;150;Centro Oriente;Atlántico
8638;Sabanalarga;150;Centro Oriente;Atlántico
8675;Santa Lucia;140;Sur;Atlántico
8685;Santo Tomas;150;Centro Oriente;Atlántico
8758;Soledad;130;Norte;Atlántico
8770;Suan;140;Sur;Atlántico
8832;Tubara;160;Occidente;Atlántico
8849;Usiacuri;160;Occidente;Atlántico
11001;Bogota;170;Bogotá;Bogotá, D.C.
13001;Cartagena;190;Dique;Bolívar
13006;Achi;220;Mojana;Bolívar
13030;Altos del Rosario;200;Loba;Bolívar
13042;Arenal;200;Loba;Bolívar
13052;Arjona;190;Dique;Bolívar
13062;Arroyohondo;190;Dique;Bolívar
13074;Barranco de Loba;200;Loba;Bolívar
13140;Calamar;190;Dique;Bolívar
13160;Cantagallo;210;Magdalena Medio;Bolívar
13188;Cicuco;180;Depresión Momposina;Bolívar
13212;Cordoba;230;Montes de María;Bolívar
13222;Clemencia;190;Dique;Bolívar
13244;El Carmen de Bolivar;230;Montes de María;Bolívar
13248;El Guamo;230;Montes de María;Bolívar
13268;El Penon;200;Loba;Bolívar
13300;Hatillo de Loba;180;Depresión Momposina;Bolívar
13430;Magangue;1270;Sabanas;Bolívar
13433;Mahates;190;Dique;Bolívar
13440;Margarita;180;Depresión Momposina;Bolívar
13442;Maria La Baja;230;Montes de María;Bolívar
13458;Montecristo;220;Mojana;Bolívar
13468;Mompos;180;Depresión Momposina;Bolívar
13473;Morales;210;Magdalena Medio;Bolívar
13490;Norosi;200;Loba;Bolívar
13549;Pinillos;220;Mojana;Bolívar
13580;Regidor;200;Loba;Bolívar
13600;Rio Viejo;200;Loba;Bolívar
13620;San Cristobal;190;Dique;Bolívar
13647;San Estanislao;190;Dique;Bolívar
13650;San Fernando;180;Depresión Momposina;Bolívar
13654;San Jacinto;230;Montes de María;Bolívar
13655;San Jacinto del Cauca;220;Mojana;Bolívar
13657;San Juan Nepomuceno;230;Montes de María;Bolívar
13667;San Martin de Loba;200;Loba;Bolívar
13670;San Pablo;210;Magdalena Medio;Bolívar
13673;Santa Catalina;190;Dique;Bolívar
13683;Santa Rosa;190;Dique;Bolívar
13688;Santa Rosa del Sur;210;Magdalena Medio;Bolívar
13744;Simiti;210;Magdalena Medio;Bolívar
13760;Soplaviento;190;Dique;Bolívar
13780;Talaigua Nuevo;180;Depresión Momposina;Bolívar
13810;Tiquisio;200;Loba;Bolívar
13836;Turbaco;190;Dique;Bolívar
13838;Turbana;190;Dique;Bolívar
13873;Villanueva;190;Dique;Bolívar
13894;Zambrano;230;Montes de María;Bolívar
15001;Tunja;240;Centro;Boyacá
15022;Almeida;290;Neira;Boyacá
15047;Aquitania;340;Sugamuxi-Tundama;Boyacá
15051;Arcabuco;330;Ricaurte;Boyacá
15087;Belen;360;Valderrama;Boyacá
15090;Berbeo;270;Lengupa;Boyacá
15092;Beteitiva;360;Valderrama;Boyacá
15097;Boavita;300;Norte;Boyacá
15104;Boyaca;280;Márquez;Boyacá
15106;Briceno;311;Esmeraldas;Boyacá
15109;Buenavista;311;Esmeraldas;Boyacá
15114;Busbanza;340;Sugamuxi-Tundama;Boyacá
15131;Caldas;310;Occidente;Boyacá
15135;Campohermoso;270;Lengupa;Boyacá
15162;Cerinza;360;Valderrama;Boyacá
15172;Chinavita;290;Neira;Boyacá
15176;Chiquinquira;310;Occidente;Boyacá
15180;Chiscas;250;Gutiérrez;Boyacá
15183;Chita;360;Valderrama;Boyacá
15185;Chitaraque;330;Ricaurte;Boyacá
15187;Chivata;240;Centro;Boyacá
15189;Cienega;280;Márquez;Boyacá
15204;Combita;240;Centro;Boyacá
15212;Coper;311;Esmeraldas;Boyacá
15215;Corrales;340;Sugamuxi-Tundama;Boyacá
15218;Covarachia;300;Norte;Boyacá
15223;Cubara;112;Occidente;Boyacá
15224;Cucaita;240;Centro;Boyacá
15226;Cuitiva;340;Sugamuxi-Tundama;Boyacá
15232;Chiquiza;240;Centro;Boyacá
15236;Chivor;290;Neira;Boyacá
15238;Duitama;340;Sugamuxi-Tundama;Boyacá
15244;El Cocuy;250;Gutiérrez;Boyacá
15248;El Espino;250;Gutiérrez;Boyacá
15272;Firavitoba;340;Sugamuxi-Tundama;Boyacá
15276;Floresta;340;Sugamuxi-Tundama;Boyacá
15293;Gachantiva;330;Ricaurte;Boyacá
15296;Gameza;340;Sugamuxi-Tundama;Boyacá
15299;Garagoa;290;Neira;Boyacá
15317;Guacamayas;250;Gutiérrez;Boyacá
15322;Guateque;290;Neira;Boyacá
15325;Guayata;290;Neira;Boyacá
15332;Guican;250;Gutiérrez;Boyacá
15362;Iza;340;Sugamuxi-Tundama;Boyacá
15367;Jenesano;280;Márquez;Boyacá
15368;Jerico;360;Valderrama;Boyacá
15377;Labranzagrande;260;La Libertad;Boyacá
15380;La Capilla;290;Neira;Boyacá
15401;La Victoria;311;Esmeraldas;Boyacá
15403;La Uvita;300;Norte;Boyacá
15407;Villa de Leyva;330;Ricaurte;Boyacá
15425;Macanal;290;Neira;Boyacá
15442;Maripi;311;Esmeraldas;Boyacá
15455;Miraflores;270;Lengupa;Boyacá
15464;Mongua;340;Sugamuxi-Tundama;Boyacá
15466;Mongui;340;Sugamuxi-Tundama;Boyacá
15469;Moniquira;330;Ricaurte;Boyacá
15476;Motavita;240;Centro;Boyacá
15480;Muzo;311;Esmeraldas;Boyacá
15491;Nobsa;340;Sugamuxi-Tundama;Boyacá
15494;Nuevo Colon;280;Márquez;Boyacá
15500;Oicata;240;Centro;Boyacá
15507;Otanche;311;Esmeraldas;Boyacá
15511;Pachavita;290;Neira;Boyacá
15514;Paez;270;Lengupa;Boyacá
15516;Paipa;340;Sugamuxi-Tundama;Boyacá
15518;Pajarito;260;La Libertad;Boyacá
15522;Panqueba;250;Gutiérrez;Boyacá
15531;Pauna;311;Esmeraldas;Boyacá
15533;Paya;260;La Libertad;Boyacá
15537;Paz de Rio;360;Valderrama;Boyacá
15542;Pesca;340;Sugamuxi-Tundama;Boyacá
15550;Pisba;260;La Libertad;Boyacá
15572;Puerto Boyaca;30;Magdalena Medio;Boyacá
15580;Quipama;311;Esmeraldas;Boyacá
15599;Ramiriqui;280;Márquez;Boyacá
15600;Raquira;330;Ricaurte;Boyacá
15621;Rondon;280;Márquez;Boyacá
15632;Saboya;310;Occidente;Boyacá
15638;Sachica;330;Ricaurte;Boyacá
15646;Samaca;240;Centro;Boyacá
15660;San Eduardo;270;Lengupa;Boyacá
15664;San Jose de Pare;330;Ricaurte;Boyacá
15667;San Luis de Gaceno;290;Neira;Boyacá
15673;San Mateo;300;Norte;Boyacá
15676;San Miguel de Sema;310;Occidente;Boyacá
15681;San Pablo de Borbur;311;Esmeraldas;Boyacá
15686;Santana;330;Ricaurte;Boyacá
15690;Santa Maria;290;Neira;Boyacá
15693;Santa Rosa de Viterbo;340;Sugamuxi-Tundama;Boyacá
15696;Santa Sofia;330;Ricaurte;Boyacá
15720;Sativanorte;300;Norte;Boyacá
15723;Sativasur;300;Norte;Boyacá
15740;Siachoque;240;Centro;Boyacá
15753;Soata;300;Norte;Boyacá
15755;Socota;360;Valderrama;Boyacá
15757;Socha;360;Valderrama;Boyacá
15759;Sogamoso;340;Sugamuxi-Tundama;Boyacá
15761;Somondoco;290;Neira;Boyacá
15762;Sora;240;Centro;Boyacá
15763;Sotaquira;240;Centro;Boyacá
15764;Soraca;240;Centro;Boyacá
15774;Susacon;300;Norte;Boyacá
15776;Sutamarchan;330;Ricaurte;Boyacá
15778;Sutatenza;290;Neira;Boyacá
15790;Tasco;360;Valderrama;Boyacá
15798;Tenza;290;Neira;Boyacá
15804;Tibana;280;Márquez;Boyacá
15806;Tibasosa;340;Sugamuxi-Tundama;Boyacá
15808;Tinjaca;330;Ricaurte;Boyacá
15810;Tipacoque;300;Norte;Boyacá
15814;Toca;240;Centro;Boyacá
15816;Togui;330;Ricaurte;Boyacá
15820;Topaga;340;Sugamuxi-Tundama;Boyacá
15822;Tota;340;Sugamuxi-Tundama;Boyacá
15832;Tunungua;311;Esmeraldas;Boyacá
15835;Turmeque;280;Márquez;Boyacá
15837;Tuta;240;Centro;Boyacá
15839;Tutaza;360;Valderrama;Boyacá
15842;umbita;280;Márquez;Boyacá
15861;Ventaquemada;240;Centro;Boyacá
15879;Viracacha;280;Márquez;Boyacá
15897;Zetaquira;270;Lengupa;Boyacá
17001;Manizales;400;Centro;Caldas
17013;Aguadas;410;Norte;Caldas
17042;Anserma;390;Bajo Occidente;Caldas
17050;Aranzazu;410;Norte;Caldas
17088;Belalcazar;390;Bajo Occidente;Caldas
17174;Chinchina;400;Centro;Caldas
17272;Filadelfia;370;Alto Occidente;Caldas
17380;La Dorada;420;Oriente;Caldas
17388;La Merced;370;Alto Occidente;Caldas
17433;Manzanares;380;Alto Oriente;Caldas
17442;Marmato;370;Alto Occidente;Caldas
17444;Marquetalia;380;Alto Oriente;Caldas
17446;Marulanda;380;Alto Oriente;Caldas
17486;Neira;400;Centro;Caldas
17495;Norcasia;420;Oriente;Caldas
17513;Pacora;410;Norte;Caldas
17524;Palestina;400;Centro;Caldas
17541;Pensilvania;380;Alto Oriente;Caldas
17614;Riosucio;370;Alto Occidente;Caldas
17616;Risaralda;390;Bajo Occidente;Caldas
17653;Salamina;410;Norte;Caldas
17662;Samana;420;Oriente;Caldas
17665;San Jose;390;Bajo Occidente;Caldas
17777;Supia;370;Alto Occidente;Caldas
17867;Victoria;420;Oriente;Caldas
17873;Villa Maria;400;Centro;Caldas
17877;Viterbo;390;Bajo Occidente;Caldas
18001;Florencia;431;Florencia;Caquetá
18029;Albania;431;Florencia;Caquetá
18094;Belen de los Andaquies;431;Florencia;Caquetá
18150;Cartagena del Chaira;432;El Caguán;Caquetá
18205;Curillo;433;Río Caquetá;Caquetá
18247;El Doncello;432;El Caguán;Caquetá
18256;El Paujil;432;El Caguán;Caquetá
18410;La Montanita;431;Florencia;Caquetá
18460;Milan;431;Florencia;Caquetá
18479;Morelia;431;Florencia;Caquetá
18592;Puerto Rico;432;El Caguán;Caquetá
18610;San Jose del Fragua;431;Florencia;Caquetá
18753;San Vicente del Caguan;432;El Caguán;Caquetá
18756;Solano;433;Río Caquetá;Caquetá
18785;Solita;433;Río Caquetá;Caquetá
18860;Valparaiso;431;Florencia;Caquetá
19001;Popayan;450;Centro;Cauca
19022;Almaguer;490;Sur;Cauca
19050;Argelia;490;Sur;Cauca
19075;Balboa;490;Sur;Cauca
19100;Bolivar;490;Sur;Cauca
19110;Buenos Aires;460;Norte;Cauca
19130;Cajibio;450;Centro;Cauca
19137;Caldono;480;Oriente;Cauca
19142;Caloto;460;Norte;Cauca
19212;Corinto;460;Norte;Cauca
19256;El Tambo;450;Centro;Cauca
19290;Florencia;490;Sur;Cauca
19300;Guachene;460;Norte;Cauca
19318;Guapi;470;Occidente;Cauca
19355;Inza;480;Oriente;Cauca
19364;Jambalo;480;Oriente;Cauca
19392;La Sierra;450;Centro;Cauca
19397;La Vega;490;Sur;Cauca
19418;Lopez;470;Occidente;Cauca
19450;Mercaderes;490;Sur;Cauca
19455;Miranda;460;Norte;Cauca
19473;Morales;450;Centro;Cauca
19513;Padilla;460;Norte;Cauca
19517;Paez;480;Oriente;Cauca
19532;Patia;490;Sur;Cauca
19533;Piamonte;490;Sur;Cauca
19548;Piendamo;450;Centro;Cauca
19573;Puerto Tejada;460;Norte;Cauca
19585;Purace;480;Oriente;Cauca
19622;Rosas;450;Centro;Cauca
19693;San Sebastian;490;Sur;Cauca
19698;Santander de Quilichao;460;Norte;Cauca
19701;Santa Rosa;490;Sur;Cauca
19743;Silvia;480;Oriente;Cauca
19760;Sotara;450;Centro;Cauca
19780;Suarez;460;Norte;Cauca
19785;Sucre;490;Sur;Cauca
19807;Timbio;450;Centro;Cauca
19809;Timbiqui;470;Occidente;Cauca
19821;Toribio;480;Oriente;Cauca
19824;Totoro;480;Oriente;Cauca
19845;Villa Rica;460;Norte;Cauca
20001;Valledupar;520;Norte;Cesar
20011;Aguachica;530;Sur;Cesar
20013;Agustin Codazzi;520;Norte;Cesar
20032;Astrea;510;Noroccidente;Cesar
20045;Becerril;500;Centro;Cesar
20060;Bosconia;510;Noroccidente;Cesar
20175;Chimichagua;500;Centro;Cesar
20178;Chiriguana;500;Centro;Cesar
20228;Curumani;500;Centro;Cesar
20238;El Copey;510;Noroccidente;Cesar
20250;El Paso;510;Noroccidente;Cesar
20295;Gamarra;530;Sur;Cesar
20310;Gonzalez;530;Sur;Cesar
20383;La Gloria;530;Sur;Cesar
20400;La Jagua de Ibirico;500;Centro;Cesar
20443;Manaure;520;Norte;Cesar
20517;Pailitas;500;Centro;Cesar
20550;Pelaya;530;Sur;Cesar
20570;Pueblo Bello;520;Norte;Cesar
20614;Rio de Oro;530;Sur;Cesar
20621;La Paz;520;Norte;Cesar
20710;San Alberto;530;Sur;Cesar
20750;San Diego;520;Norte;Cesar
20770;San Martin;530;Sur;Cesar
20787;Tamalameque;500;Centro;Cesar
23001;Monteria;650;Sinú Medio;Córdoba 
23068;Ayapel;640;San Jorge;Córdoba 
23079;Buenavista;640;San Jorge;Córdoba 
23090;Canalete;620;Costanera;Córdoba 
23162;Cerete;650;Sinú Medio;Córdoba 
23168;Chima;600;Bajo Sinú;Córdoba 
23182;Chinu;630;Sabanas;Córdoba 
23189;Cienaga de Oro;650;Sinú Medio;Córdoba 
23300;Cotorra;600;Bajo Sinú;Córdoba 
23350;La Apartada;640;San Jorge;Córdoba 
23417;Lorica;600;Bajo Sinú;Córdoba 
23419;Los Cordobas;620;Costanera;Córdoba 
23464;Momil;600;Bajo Sinú;Córdoba 
23466;Montelibano;640;San Jorge;Córdoba 
23500;Monitos;620;Costanera;Córdoba 
23555;Planeta Rica;640;San Jorge;Córdoba 
23570;Pueblo Nuevo;640;San Jorge;Córdoba 
23574;Puerto Escondido;620;Costanera;Córdoba 
23580;Puerto Libertador;640;San Jorge;Córdoba 
23586;Purisima;600;Bajo Sinú;Córdoba 
23660;Sahagun;630;Sabanas;Córdoba 
23670;San Andres Sotavento;630;Sabanas;Córdoba 
23672;San Antero;600;Bajo Sinú;Córdoba 
23675;San Bernardo del Viento;620;Costanera;Córdoba 
23678;San Carlos;650;Sinú Medio;Córdoba 
23682;San Jose de Ure;640;San Jorge;Córdoba 
23686;San Pelayo;650;Sinú Medio;Córdoba 
23807;Tierralta;590;Alto Sinú;Córdoba 
23815;Tuchin;630;Sabanas;Córdoba 
23855;Valencia;590;Alto Sinú;Córdoba 
25001;Agua de Dios;670;Alto Magdalena;Cundinamarca
25019;Alban;690;Gualivá;Cundinamarca
25035;Anapoima;790;Tequendama;Cundinamarca
25040;Anolaima;790;Tequendama;Cundinamarca
25053;Arbelaez;780;Sumapaz;Cundinamarca
25086;Beltran;710;Magdalena Centro;Cundinamarca
25095;Bituima;710;Magdalena Centro;Cundinamarca
25099;Bojaca;760;Sabana Occidente;Cundinamarca
25120;Cabrera;780;Sumapaz;Cundinamarca
25123;Cachipay;790;Tequendama;Cundinamarca
25126;Cajica;750;Sabana Centro;Cundinamarca
25148;Caparrapi;691;Guaduas;Cundinamarca
25151;Caqueza;730;Oriente;Cundinamarca
25154;Carmen de Carupa;800;Ubaté;Cundinamarca
25168;Chaguani;691;Guaduas;Cundinamarca
25175;Chia;750;Sabana Centro;Cundinamarca
25178;Chipaque;730;Oriente;Cundinamarca
25181;Choachi;730;Oriente;Cundinamarca
25183;Choconta;660;Almeidas;Cundinamarca
25200;Cogua;750;Sabana Centro;Cundinamarca
25214;Cota;760;Sabana Occidente;Cundinamarca
25224;Cucunuba;800;Ubaté;Cundinamarca
25245;El Colegio;790;Tequendama;Cundinamarca
25258;El Penon;740;Río Negro;Cundinamarca
25260;El Rosal;760;Sabana Occidente;Cundinamarca
25269;Facatativa;760;Sabana Occidente;Cundinamarca
25279;Fomeque;730;Oriente;Cundinamarca
25281;Fosca;730;Oriente;Cundinamarca
25286;Funza;760;Sabana Occidente;Cundinamarca
25288;Fuquene;800;Ubaté;Cundinamarca
25290;Fusagasuga;780;Sumapaz;Cundinamarca
25293;Gachala;700;Guavio;Cundinamarca
25295;Gachancipa;750;Sabana Centro;Cundinamarca
25297;Gacheta;700;Guavio;Cundinamarca
25299;Gama;700;Guavio;Cundinamarca
25307;Girardot;670;Alto Magdalena;Cundinamarca
25312;Granada;780;Sumapaz;Cundinamarca
25317;Guacheta;800;Ubaté;Cundinamarca
25320;Guaduas;691;Guaduas;Cundinamarca
25322;Guasca;700;Guavio;Cundinamarca
25324;Guataqui;670;Alto Magdalena;Cundinamarca
25326;Guatavita;700;Guavio;Cundinamarca
25328;Guayabal de Siquima;710;Magdalena Centro;Cundinamarca
25335;Guayabetal;730;Oriente;Cundinamarca
25339;Gutierrez;730;Oriente;Cundinamarca
25368;Jerusalen;670;Alto Magdalena;Cundinamarca
25372;Junin;700;Guavio;Cundinamarca
25377;La Calera;170;Bogotá;Cundinamarca
25386;La Mesa;790;Tequendama;Cundinamarca
25394;La Palma;740;Río Negro;Cundinamarca
25398;La Pena;690;Gualivá;Cundinamarca
25402;La Vega;690;Gualivá;Cundinamarca
25407;Lenguazaque;800;Ubaté;Cundinamarca
25426;Macheta;660;Almeidas;Cundinamarca
25430;Madrid;760;Sabana Occidente;Cundinamarca
25436;Manta;660;Almeidas;Cundinamarca
25438;Medina;720;Medina;Cundinamarca
25473;Mosquera;760;Sabana Occidente;Cundinamarca
25483;Narino;670;Alto Magdalena;Cundinamarca
25486;Nemocon;750;Sabana Centro;Cundinamarca
25488;Nilo;670;Alto Magdalena;Cundinamarca
25489;Nimaima;690;Gualivá;Cundinamarca
25491;Nocaima;690;Gualivá;Cundinamarca
25506;Venecia;780;Sumapaz;Cundinamarca
25513;Pacho;740;Río Negro;Cundinamarca
25518;Paime;740;Río Negro;Cundinamarca
25524;Pandi;780;Sumapaz;Cundinamarca
25530;Paratebueno;720;Medina;Cundinamarca
25535;Pasca;780;Sumapaz;Cundinamarca
25572;Puerto Salgar;420;Oriente;Cundinamarca
25580;Puli;710;Magdalena Centro;Cundinamarca
25592;Quebradanegra;690;Gualivá;Cundinamarca
25594;Quetame;730;Oriente;Cundinamarca
25596;Quipile;790;Tequendama;Cundinamarca
25599;Apulo;790;Tequendama;Cundinamarca
25612;Ricaurte;670;Alto Magdalena;Cundinamarca
25645;San Antonio del Tequendama;790;Tequendama;Cundinamarca
25649;San Bernardo;780;Sumapaz;Cundinamarca
25653;San Cayetano;740;Río Negro;Cundinamarca
25658;San Francisco;690;Gualivá;Cundinamarca
25662;San Juan de Rio Seco;710;Magdalena Centro;Cundinamarca
25718;Sasaima;690;Gualivá;Cundinamarca
25736;Sesquile;660;Almeidas;Cundinamarca
25740;Sibate;780;Sumapaz;Cundinamarca
25743;Silvania;780;Sumapaz;Cundinamarca
25745;Simijaca;800;Ubaté;Cundinamarca
25754;Soacha;170;Bogotá;Cundinamarca
25758;Sopo;750;Sabana Centro;Cundinamarca
25769;Subachoque;760;Sabana Occidente;Cundinamarca
25772;Suesca;660;Almeidas;Cundinamarca
25777;Supata;690;Gualivá;Cundinamarca
25779;Susa;800;Ubaté;Cundinamarca
25781;Sutatausa;800;Ubaté;Cundinamarca
25785;Tabio;750;Sabana Centro;Cundinamarca
25793;Tausa;800;Ubaté;Cundinamarca
25797;Tena;790;Tequendama;Cundinamarca
25799;Tenjo;760;Sabana Occidente;Cundinamarca
25805;Tibacuy;780;Sumapaz;Cundinamarca
25807;Tibirita;660;Almeidas;Cundinamarca
25815;Tocaima;670;Alto Magdalena;Cundinamarca
25817;Tocancipa;750;Sabana Centro;Cundinamarca
25823;Topaipi;740;Río Negro;Cundinamarca
25839;Ubala;700;Guavio;Cundinamarca
25841;Ubaque;730;Oriente;Cundinamarca
25843;Villa de San Diego de Ubate;800;Ubaté;Cundinamarca
25845;Une;730;Oriente;Cundinamarca
25851;utica;690;Gualivá;Cundinamarca
25862;Vergara;690;Gualivá;Cundinamarca
25867;Viani;710;Magdalena Centro;Cundinamarca
25871;Villagomez;740;Río Negro;Cundinamarca
25873;Villapinzon;660;Almeidas;Cundinamarca
25875;Villeta;690;Gualivá;Cundinamarca
25878;Viota;790;Tequendama;Cundinamarca
25885;Yacopi;740;Río Negro;Cundinamarca
25898;Zipacon;760;Sabana Occidente;Cundinamarca
25899;Zipaquira;750;Sabana Centro;Cundinamarca
27001;Quibdo;540;Atrato;Chocó
27006;Acandi;550;Darién;Chocó
27025;Alto Baudo;570;Pacífico Sur;Chocó
27050;Atrato;540;Atrato;Chocó
27073;Bagado;540;Atrato;Chocó
27075;Bahia Solano;560;Pacífico Norte;Chocó
27077;Bajo Baudo;570;Pacífico Sur;Chocó
27099;Bojaya;540;Atrato;Chocó
27135;El Canton del San Pablo;580;San Juan;Chocó
27150;Carmen del Darien;550;Darién;Chocó
27160;Certegui;580;San Juan;Chocó
27205;Condoto;580;San Juan;Chocó
27245;El Carmen de Atrato;540;Atrato;Chocó
27250;El Litoral del San Juan;570;Pacífico Sur;Chocó
27361;Istmina;580;San Juan;Chocó
27372;Jurado;560;Pacífico Norte;Chocó
27413;Lloro;540;Atrato;Chocó
27425;Medio Atrato;540;Atrato;Chocó
27430;Medio Baudo;570;Pacífico Sur;Chocó
27450;Medio San Juan;580;San Juan;Chocó
27491;Novita;580;San Juan;Chocó
27495;Nuqui;560;Pacífico Norte;Chocó
27580;Rio Iro;580;San Juan;Chocó
27600;Rio Quito;540;Atrato;Chocó
27615;Riosucio;550;Darién;Chocó
27660;San Jose del Palmar;580;San Juan;Chocó
27745;Sipi;580;San Juan;Chocó
27787;Tado;580;San Juan;Chocó
27800;Unguia;550;Darién;Chocó
27810;Union Panamericana;580;San Juan;Chocó
41001;Neiva;840;Norte;Huila
41006;Acevedo;860;Sur;Huila
41013;Agrado;830;Centro;Huila
41016;Aipe;840;Norte;Huila
41020;Algeciras;840;Norte;Huila
41026;Altamira;830;Centro;Huila
41078;Baraya;840;Norte;Huila
41132;Campoalegre;840;Norte;Huila
41206;Colombia;840;Norte;Huila
41244;Elias;860;Sur;Huila
41298;Garzon;830;Centro;Huila
41306;Gigante;830;Centro;Huila
41319;Guadalupe;830;Centro;Huila
41349;Hobo;840;Norte;Huila
41357;Iquira;840;Norte;Huila
41359;Isnos;860;Sur;Huila
41378;La Argentina;850;Occidente;Huila
41396;La Plata;850;Occidente;Huila
41483;Nataga;850;Occidente;Huila
41503;Oporapa;860;Sur;Huila
41518;Paicol;850;Occidente;Huila
41524;Palermo;840;Norte;Huila
41530;Palestina;860;Sur;Huila
41548;Pital;830;Centro;Huila
41551;Pitalito;860;Sur;Huila
41615;Rivera;840;Norte;Huila
41660;Saladoblanco;860;Sur;Huila
41668;San Agustin;860;Sur;Huila
41676;Santa Maria;840;Norte;Huila
41770;Suaza;830;Centro;Huila
41791;Tarqui;830;Centro;Huila
41797;Tesalia;850;Occidente;Huila
41799;Tello;840;Norte;Huila
41801;Teruel;840;Norte;Huila
41807;Timana;860;Sur;Huila
41872;Villavieja;840;Norte;Huila
41885;Yaguara;840;Norte;Huila
44001;Riohacha;871;Centro;La Guajira
44035;Albania;871;Centro;La Guajira
44078;Barrancas;880;Sur;La Guajira
44090;Dibulla;871;Centro;La Guajira
44098;Distraccion;880;Sur;La Guajira
44110;El Molino;880;Sur;La Guajira
44279;Fonseca;880;Sur;La Guajira
44378;Hatonuevo;880;Sur;La Guajira
44420;La Jagua del Pilar;880;Sur;La Guajira
44430;Maicao;871;Centro;La Guajira
44560;Manaure;872;Norte;La Guajira
44650;San Juan del Cesar;880;Sur;La Guajira
44847;Uribia;872;Norte;La Guajira
44855;Urumita;880;Sur;La Guajira
44874;Villanueva;880;Sur;La Guajira
47001;Santa Marta;920;Santa Marta;Magdalena
47030;Algarrobo;890;Centro;Magdalena
47053;Aracataca;900;Norte;Magdalena
47058;Ariguani;890;Centro;Magdalena
47161;Cerro San Antonio;910;Río;Magdalena
47170;Chibolo;890;Centro;Magdalena
47189;Cienaga;920;Santa Marta;Magdalena
47205;Concordia;910;Río;Magdalena
47245;El Banco;930;Sur;Magdalena
47258;El Pinon;910;Río;Magdalena
47268;El Reten;900;Norte;Magdalena
47288;Fundacion;900;Norte;Magdalena
47318;Guamal;930;Sur;Magdalena
47460;Nueva Granada;890;Centro;Magdalena
47541;Pedraza;910;Río;Magdalena
47545;Pijino del Carmen;930;Sur;Magdalena
47551;Pivijay;910;Río;Magdalena
47555;Plato;890;Centro;Magdalena
47570;Puebloviejo;920;Santa Marta;Magdalena
47605;Remolino;910;Río;Magdalena
47660;Sabanas de San angel;890;Centro;Magdalena
47675;Salamina;910;Río;Magdalena
47692;San Sebastian de Buenavista;930;Sur;Magdalena
47703;San Zenon;930;Sur;Magdalena
47707;Santa Ana;930;Sur;Magdalena
47720;Santa Barbara de Pinto;930;Sur;Magdalena
47745;Sitionuevo;910;Río;Magdalena
47798;Tenerife;890;Centro;Magdalena
47960;Zapayan;910;Río;Magdalena
47980;Zona Bananera;900;Norte;Magdalena
50001;Villavicencio;960;Piedemonte;Meta
50006;Acacias;960;Piedemonte;Meta
50110;Barranca de Upia;720;Medina;Meta
50124;Cabuyaro;970;Río Meta;Meta
50150;Castilla La Nueva;960;Piedemonte;Meta
50223;Cubarral;960;Piedemonte;Meta
50226;Cumaral;960;Piedemonte;Meta
50245;El Calvario;730;Oriente;Meta
50251;El Castillo;940;Ariari;Meta
50270;El Dorado;940;Ariari;Meta
50287;Fuente de Oro;940;Ariari;Meta
50313;Granada;940;Ariari;Meta
50318;Guamal;960;Piedemonte;Meta
50325;Mapiripan;820;Guaviare;Meta
50330;Mesetas;940;Ariari;Meta
50350;La Macarena;432;El Caguán;Meta
50370;Uribe;940;Ariari;Meta
50400;Lejanias;940;Ariari;Meta
50450;Puerto Concordia;820;Guaviare;Meta
50568;Puerto Gaitan;970;Río Meta;Meta
50573;Puerto Lopez;970;Río Meta;Meta
50577;Puerto Lleras;940;Ariari;Meta
50590;Puerto Rico;940;Ariari;Meta
50606;Restrepo;960;Piedemonte;Meta
50680;San Carlos de Guaroa;960;Piedemonte;Meta
50683;San Juan de Arama;940;Ariari;Meta
50686;San Juanito;730;Oriente;Meta
50689;San Martin;940;Ariari;Meta
50711;Vistahermosa;940;Ariari;Meta
52001;Pasto;980;Centro;Nariño
52019;Alban;1010;Norte;Nariño
52022;Aldana;1020;Sur;Nariño
52036;Ancuya;990;Centro Occidente;Nariño
52051;Arboleda;1010;Norte;Nariño
52079;Barbacoas;1003;Telembí;Nariño
52083;Belen;1010;Norte;Nariño
52110;Buesaco;1010;Norte;Nariño
52203;Colon;1010;Norte;Nariño
52207;Consaca;980;Centro;Nariño
52210;Contadero;1020;Sur;Nariño
52215;Cordoba;1020;Sur;Nariño
52224;Cuaspud;1020;Sur;Nariño
52227;Cumbal;1020;Sur;Nariño
52233;Cumbitara;1010;Norte;Nariño
52240;Chachagui;980;Centro;Nariño
52250;El Charco;1002;Sanquianga;Nariño
52254;El Penol;980;Centro;Nariño
52256;El Rosario;1010;Norte;Nariño
52258;El Tablon de Gomez;1010;Norte;Nariño
52260;El Tambo;980;Centro;Nariño
52287;Funes;1020;Sur;Nariño
52317;Guachucal;1020;Sur;Nariño
52320;Guaitarilla;990;Centro Occidente;Nariño
52323;Gualmatan;1020;Sur;Nariño
52352;Iles;1020;Sur;Nariño
52354;Imues;1020;Sur;Nariño
52356;Ipiales;1020;Sur;Nariño
52378;La Cruz;1010;Norte;Nariño
52381;La Florida;980;Centro;Nariño
52385;La Llanada;990;Centro Occidente;Nariño
52390;La Tola;1002;Sanquianga;Nariño
52399;La Union;1010;Norte;Nariño
52405;Leiva;1010;Norte;Nariño
52411;Linares;990;Centro Occidente;Nariño
52418;Los Andes;990;Centro Occidente;Nariño
52427;Magui;1003;Telembí;Nariño
52435;Mallama;990;Centro Occidente;Nariño
52473;Mosquera;1002;Sanquianga;Nariño
52480;Narino;980;Centro;Nariño
52490;Olaya Herrera;1002;Sanquianga;Nariño
52506;Ospina;990;Centro Occidente;Nariño
52520;Francisco Pizarro;1001;Tumaco;Nariño
52540;Policarpa;1010;Norte;Nariño
52560;Potosi;1020;Sur;Nariño
52565;Providencia;990;Centro Occidente;Nariño
52573;Puerres;1020;Sur;Nariño
52585;Pupiales;1020;Sur;Nariño
52612;Ricaurte;990;Centro Occidente;Nariño
52621;Roberto Payan;1003;Telembí;Nariño
52678;Samaniego;990;Centro Occidente;Nariño
52683;Sandona;980;Centro;Nariño
52685;San Bernardo;1010;Norte;Nariño
52687;San Lorenzo;1010;Norte;Nariño
52693;San Pablo;1010;Norte;Nariño
52694;San Pedro de Cartago;1010;Norte;Nariño
52696;Santa Barbara;1002;Sanquianga;Nariño
52699;Santacruz;990;Centro Occidente;Nariño
52720;Sapuyes;990;Centro Occidente;Nariño
52786;Taminango;1010;Norte;Nariño
52788;Tangua;980;Centro;Nariño
52835;San Andres de Tumaco;1001;Tumaco;Nariño
52838;Tuquerres;990;Centro Occidente;Nariño
52885;Yacuanquer;980;Centro;Nariño
54001;Cucuta;1060;Oriente;Norte de Santander
54003;Abrego;1050;Occidente;Norte de Santander
54051;Arboledas;1030;Centro;Norte de Santander
54099;Bochalema;1080;Suroriente;Norte de Santander
54109;Bucarasica;1040;Norte;Norte de Santander
54125;Cacota;1070;Suroccidente;Norte de Santander
54128;Cachira;1050;Occidente;Norte de Santander
54172;Chinacota;1080;Suroriente;Norte de Santander
54174;Chitaga;1070;Suroccidente;Norte de Santander
54206;Convencion;1050;Occidente;Norte de Santander
54223;Cucutilla;1030;Centro;Norte de Santander
54239;Durania;1080;Suroriente;Norte de Santander
54245;El Carmen;1050;Occidente;Norte de Santander
54250;El Tarra;1040;Norte;Norte de Santander
54261;El Zulia;1060;Oriente;Norte de Santander
54313;Gramalote;1030;Centro;Norte de Santander
54344;Hacari;1050;Occidente;Norte de Santander
54347;Herran;1080;Suroriente;Norte de Santander
54377;Labateca;1080;Suroriente;Norte de Santander
54385;La Esperanza;1050;Occidente;Norte de Santander
54398;La Playa;1050;Occidente;Norte de Santander
54405;Los Patios;1060;Oriente;Norte de Santander
54418;Lourdes;1030;Centro;Norte de Santander
54480;Mutiscua;1070;Suroccidente;Norte de Santander
54498;Ocana;1050;Occidente;Norte de Santander
54518;Pamplona;1070;Suroccidente;Norte de Santander
54520;Pamplonita;1070;Suroccidente;Norte de Santander
54553;Puerto Santander;1060;Oriente;Norte de Santander
54599;Ragonvalia;1080;Suroriente;Norte de Santander
54660;Salazar;1030;Centro;Norte de Santander
54670;San Calixto;1050;Occidente;Norte de Santander
54673;San Cayetano;1060;Oriente;Norte de Santander
54680;Santiago;1030;Centro;Norte de Santander
54720;Sardinata;1040;Norte;Norte de Santander
54743;Silos;1070;Suroccidente;Norte de Santander
54800;Teorama;1050;Occidente;Norte de Santander
54810;Tibu;1040;Norte;Norte de Santander
54820;Toledo;1080;Suroriente;Norte de Santander
54871;Villa Caro;1030;Centro;Norte de Santander
54874;Villa del Rosario;1060;Oriente;Norte de Santander
63001;Armenia;1100;Norte;Quindio
63111;Buenavista;1110;Cordilleranos;Quindio
63130;Calarca;1100;Norte;Quindio
63190;Circasia;1100;Norte;Quindio
63212;Cordoba;1110;Cordilleranos;Quindio
63272;Filandia;1100;Norte;Quindio
63302;Genova;1110;Cordilleranos;Quindio
63401;La Tebaida;1100;Norte;Quindio
63470;Montenegro;1100;Norte;Quindio
63548;Pijao;1110;Cordilleranos;Quindio
63594;Quimbaya;1100;Norte;Quindio
63690;Salento;1100;Norte;Quindio
66001;Pereira;1150;Vertiente Oriente;Risaralda
66045;Apia;1160;Vertiente Occidente;Risaralda
66075;Balboa;1160;Vertiente Occidente;Risaralda
66088;Belen de Umbria;1160;Vertiente Occidente;Risaralda
66170;Dosquebradas;1150;Vertiente Oriente;Risaralda
66318;Guatica;1160;Vertiente Occidente;Risaralda
66383;La Celia;1160;Vertiente Occidente;Risaralda
66400;La Virginia;1150;Vertiente Oriente;Risaralda
66440;Marsella;1150;Vertiente Oriente;Risaralda
66456;Mistrato;1160;Vertiente Occidente;Risaralda
66572;Pueblo Rico;1160;Vertiente Occidente;Risaralda
66594;Quinchia;1160;Vertiente Occidente;Risaralda
66682;Santa Rosa de Cabal;1150;Vertiente Oriente;Risaralda
66687;Santuario;1160;Vertiente Occidente;Risaralda
68001;Bucaramanga;1220;Soto;Santander
68013;Aguada;1231;Vélez Sur;Santander
68020;Albania;1231;Vélez Sur;Santander
68051;Aratoca;1200;Guanentá;Santander
68077;Barbosa;1231;Vélez Sur;Santander
68079;Barichara;1200;Guanentá;Santander
68081;Barrancabermeja;1210;Mares;Santander
68092;Betulia;1220;Soto;Santander
68101;Bolivar;1231;Vélez Sur;Santander
68121;Cabrera;1200;Guanentá;Santander
68132;California;1220;Soto;Santander
68147;Capitanejo;1190;García Rovira;Santander
68152;Carcasi;1190;García Rovira;Santander
68160;Cepita;1190;García Rovira;Santander
68162;Cerrito;1190;García Rovira;Santander
68167;Charala;1200;Guanentá;Santander
68169;Charta;1220;Soto;Santander
68176;Chima;1180;Comunera;Santander
68179;Chipata;1231;Vélez Sur;Santander
68190;Cimitarra;1232;Vélez Norte;Santander
68207;Concepcion;1190;García Rovira;Santander
68209;Confines;1180;Comunera;Santander
68211;Contratacion;1180;Comunera;Santander
68217;Coromoro;1200;Guanentá;Santander
68229;Curiti;1200;Guanentá;Santander
68235;El Carmen de Chucuri;1210;Mares;Santander
68245;El Guacamayo;1180;Comunera;Santander
68250;El Penon;1231;Vélez Sur;Santander
68255;El Playon;1220;Soto;Santander
68264;Encino;1200;Guanentá;Santander
68266;Enciso;1190;García Rovira;Santander
68271;Florian;1231;Vélez Sur;Santander
68276;Floridablanca;1220;Soto;Santander
68296;Galan;1180;Comunera;Santander
68298;Gambita;1180;Comunera;Santander
68307;Giron;1220;Soto;Santander
68318;Guaca;1190;García Rovira;Santander
68320;Guadalupe;1180;Comunera;Santander
68322;Guapota;1180;Comunera;Santander
68324;Guavata;1231;Vélez Sur;Santander
68327;Guepsa;1231;Vélez Sur;Santander
68344;Hato;1180;Comunera;Santander
68368;Jesus Maria;1231;Vélez Sur;Santander
68370;Jordan;1200;Guanentá;Santander
68377;La Belleza;1231;Vélez Sur;Santander
68385;Landazuri;1232;Vélez Norte;Santander
68397;La Paz;1231;Vélez Sur;Santander
68406;Lebrija;1220;Soto;Santander
68418;Los Santos;1220;Soto;Santander
68425;Macaravita;1190;García Rovira;Santander
68432;Malaga;1190;García Rovira;Santander
68444;Matanza;1220;Soto;Santander
68464;Mogotes;1200;Guanentá;Santander
68468;Molagavita;1190;García Rovira;Santander
68498;Ocamonte;1200;Guanentá;Santander
68500;Oiba;1180;Comunera;Santander
68502;Onzaga;1200;Guanentá;Santander
68522;Palmar;1180;Comunera;Santander
68524;Palmas del Socorro;1180;Comunera;Santander
68533;Paramo;1200;Guanentá;Santander
68547;Piedecuesta;1220;Soto;Santander
68549;Pinchote;1200;Guanentá;Santander
68572;Puente Nacional;1231;Vélez Sur;Santander
68573;Puerto Parra;1232;Vélez Norte;Santander
68575;Puerto Wilches;1210;Mares;Santander
68615;Rionegro;1220;Soto;Santander
68655;Sabana de Torres;1210;Mares;Santander
68669;San Andres;1190;García Rovira;Santander
68673;San Benito;1231;Vélez Sur;Santander
68679;San Gil;1200;Guanentá;Santander
68682;San Joaquin;1200;Guanentá;Santander
68684;San Jose de Miranda;1190;García Rovira;Santander
68686;San Miguel;1190;García Rovira;Santander
68689;San Vicente de Chucuri;1210;Mares;Santander
68705;Santa Barbara;1220;Soto;Santander
68720;Santa Helena del Opon;1180;Comunera;Santander
68745;Simacota;1180;Comunera;Santander
68755;Socorro;1180;Comunera;Santander
68770;Suaita;1180;Comunera;Santander
68773;Sucre;1231;Vélez Sur;Santander
68780;Surata;1220;Soto;Santander
68820;Tona;1220;Soto;Santander
68855;Valle de San Jose;1200;Guanentá;Santander
68861;Velez;1231;Vélez Sur;Santander
68867;Vetas;1220;Soto;Santander
68872;Villanueva;1200;Guanentá;Santander
68895;Zapatoca;1220;Soto;Santander
70001;Sincelejo;1250;Sincelejo;Sucre
70110;Buenavista;1270;Sabanas;Sucre
70124;Caimito;1280;San Jorge;Sucre
70204;Coloso;230;Montes de María;Sucre
70215;Corozal;1250;Sincelejo;Sucre
70221;Covenas;1260;Morrosquillo;Sucre
70230;Chalan;230;Montes de María;Sucre
70233;El Roble;1270;Sabanas;Sucre
70235;Galeras;1270;Sabanas;Sucre
70265;Guaranda;1240;Mojana;Sucre
70400;La Union;1280;San Jorge;Sucre
70418;Los Palmitos;1250;Sincelejo;Sucre
70429;Majagual;1240;Mojana;Sucre
70473;Morroa;1250;Sincelejo;Sucre
70508;Ovejas;230;Montes de María;Sucre
70523;Palmito;1250;Sincelejo;Sucre
70670;Sampues;1250;Sincelejo;Sucre
70678;San Benito Abad;1280;San Jorge;Sucre
70702;San Juan de Betulia;1250;Sincelejo;Sucre
70708;San Marcos;1280;San Jorge;Sucre
70713;San Onofre;1260;Morrosquillo;Sucre
70717;San Pedro;1270;Sabanas;Sucre
70742;San Luis de Since;1270;Sabanas;Sucre
70771;Sucre;1240;Mojana;Sucre
70820;Santiago de Tolu;1260;Morrosquillo;Sucre
70823;Tolu Viejo;1260;Morrosquillo;Sucre
73001;Ibague;1320;Ibagué;Tolima
73024;Alpujarra;1330;Suroriente;Tolima
73026;Alvarado;1320;Ibagué;Tolima
73030;Ambalema;1320;Ibagué;Tolima
73043;Anzoategui;1320;Ibagué;Tolima
73055;Armero;1290;Norte;Tolima
73067;Ataco;1310;Sur;Tolima
73124;Cajamarca;1320;Ibagué;Tolima
73148;Carmen de Apicala;1300;Oriente;Tolima
73152;Casabianca;1340;Nevados;Tolima
73168;Chaparral;1310;Sur;Tolima
73200;Coello;1320;Ibagué;Tolima
73217;Coyaima;1310;Sur;Tolima
73226;Cunday;1300;Oriente;Tolima
73236;Dolores;1330;Suroriente;Tolima
73268;Espinal;1320;Ibagué;Tolima
73270;Falan;1290;Norte;Tolima
73275;Flandes;670;Alto Magdalena;Tolima
73283;Fresno;1290;Norte;Tolima
73319;Guamo;1330;Suroriente;Tolima
73347;Herveo;1340;Nevados;Tolima
73349;Honda;1290;Norte;Tolima
73352;Icononzo;1300;Oriente;Tolima
73408;Lerida;1290;Norte;Tolima
73411;Libano;1340;Nevados;Tolima
73443;Mariquita;1290;Norte;Tolima
73449;Melgar;1300;Oriente;Tolima
73461;Murillo;1340;Nevados;Tolima
73483;Natagaima;1310;Sur;Tolima
73504;Ortega;1310;Sur;Tolima
73520;Palocabildo;1290;Norte;Tolima
73547;Piedras;1320;Ibagué;Tolima
73555;Planadas;1310;Sur;Tolima
73563;Prado;1330;Suroriente;Tolima
73585;Purificacion;1330;Suroriente;Tolima
73616;Rioblanco;1310;Sur;Tolima
73622;Roncesvalles;1310;Sur;Tolima
73624;Rovira;1320;Ibagué;Tolima
73671;Saldana;1330;Suroriente;Tolima
73675;San Antonio;1310;Sur;Tolima
73678;San Luis;1320;Ibagué;Tolima
73686;Santa Isabel;1340;Nevados;Tolima
73770;Suarez;1330;Suroriente;Tolima
73854;Valle de San Juan;1320;Ibagué;Tolima
73861;Venadillo;1320;Ibagué;Tolima
73870;Villahermosa;1340;Nevados;Tolima
73873;Villarica;1300;Oriente;Tolima
76001;Cali;1390;Sur;Valle del Cauca
76020;Alcala;1360;Norte;Valle del Cauca
76036;Andalucia;1350;Centro;Valle del Cauca
76041;Ansermanuevo;1360;Norte;Valle del Cauca
76054;Argelia;1360;Norte;Valle del Cauca
76100;Bolivar;1360;Norte;Valle del Cauca
76109;Buenaventura;1370;Buenaventura;Valle del Cauca
76111;Guadalajara de Buga;1350;Centro;Valle del Cauca
76113;Bugalagrande;1350;Centro;Valle del Cauca
76122;Caicedonia;1110;Cordilleranos;Valle del Cauca
76126;Calima;1350;Centro;Valle del Cauca
76130;Candelaria;1390;Sur;Valle del Cauca
76147;Cartago;1360;Norte;Valle del Cauca
76233;Dagua;1390;Sur;Valle del Cauca
76243;El aguila;1360;Norte;Valle del Cauca
76246;El Cairo;1360;Norte;Valle del Cauca
76248;El Cerrito;1350;Centro;Valle del Cauca
76250;El Dovio;1360;Norte;Valle del Cauca
76275;Florida;1390;Sur;Valle del Cauca
76306;Ginebra;1350;Centro;Valle del Cauca
76318;Guacari;1350;Centro;Valle del Cauca
76364;Jamundi;1390;Sur;Valle del Cauca
76377;La Cumbre;1390;Sur;Valle del Cauca
76400;La Union;1360;Norte;Valle del Cauca
76403;La Victoria;1360;Norte;Valle del Cauca
76497;Obando;1360;Norte;Valle del Cauca
76520;Palmira;1390;Sur;Valle del Cauca
76563;Pradera;1390;Sur;Valle del Cauca
76606;Restrepo;1350;Centro;Valle del Cauca
76616;Riofrio;1350;Centro;Valle del Cauca
76622;Roldanillo;1360;Norte;Valle del Cauca
76670;San Pedro;1350;Centro;Valle del Cauca
76736;Sevilla;1110;Cordilleranos;Valle del Cauca
76823;Toro;1360;Norte;Valle del Cauca
76828;Trujillo;1350;Centro;Valle del Cauca
76834;Tulua;1350;Centro;Valle del Cauca
76845;Ulloa;1360;Norte;Valle del Cauca
76863;Versalles;1360;Norte;Valle del Cauca
76869;Vijes;1390;Sur;Valle del Cauca
76890;Yotoco;1350;Centro;Valle del Cauca
76892;Yumbo;1390;Sur;Valle del Cauca
76895;Zarzal;1360;Norte;Valle del Cauca
81001;Arauca;111;Río Arauca;Arauca
81065;Arauquita;111;Río Arauca;Arauca
81220;Cravo Norte;113;Oriente;Arauca
81300;Fortul;112;Occidente;Arauca
81591;Puerto Rondon;113;Oriente;Arauca
81736;Saravena;112;Occidente;Arauca
81794;Tame;112;Occidente;Arauca
85001;Yopal;441;Piedemonte;Casanare
85010;Aguazul;441;Piedemonte;Casanare
85015;Chameza;441;Piedemonte;Casanare
85125;Hato Corozal;442;Llanura;Casanare
85136;La Salina;442;Llanura;Casanare
85139;Mani;441;Piedemonte;Casanare
85162;Monterrey;441;Piedemonte;Casanare
85225;Nunchia;441;Piedemonte;Casanare
85230;Orocue;441;Piedemonte;Casanare
85250;Paz de Ariporo;442;Llanura;Casanare
85263;Pore;441;Piedemonte;Casanare
85279;Recetor;441;Piedemonte;Casanare
85300;Sabanalarga;441;Piedemonte;Casanare
85315;Sacama;442;Llanura;Casanare
85325;San Luis de Palenque;442;Llanura;Casanare
85400;Tamara;441;Piedemonte;Casanare
85410;Tauramena;441;Piedemonte;Casanare
85430;Trinidad;442;Llanura;Casanare
85440;Villanueva;441;Piedemonte;Casanare
86001;Mocoa;1091;Piedemonte;Putumayo
86219;Colon;980;Centro;Putumayo
86320;Orito;1092;Orito Ingi Ande;Putumayo
86568;Puerto Asis;1092;Orito Ingi Ande;Putumayo
86569;Puerto Caicedo;1092;Orito Ingi Ande;Putumayo
86571;Puerto Guzman;1091;Piedemonte;Putumayo
86573;Puerto Leguizamo;12;Amazonía;Putumayo
86749;Sibundoy;980;Centro;Putumayo
86755;San Francisco;980;Centro;Putumayo
86757;San Miguel;1092;Orito Ingi Ande;Putumayo
86760;Santiago;980;Centro;Putumayo
86865;Valle del Guamuez;1092;Orito Ingi Ande;Putumayo
86885;Villagarzon;1091;Piedemonte;Putumayo
88001;San Andres;121;San Andrés;Archipiélago de San Andrés
88564;Providencia;122;Providencia;Archipiélago de San Andrés
91001;Leticia;11;Leticia;Amazonas
91263;El Encanto;12;Amazonía;Amazonas
91405;La Chorrera;12;Amazonía;Amazonas
91407;La Pedrera;12;Amazonía;Amazonas
91430;La Victoria;12;Amazonía;Amazonas
91460;Miriti - Parana;12;Amazonía;Amazonas
91530;Puerto Alegria;12;Amazonía;Amazonas
91536;Puerto Arica;12;Amazonía;Amazonas
91540;Puerto Narino;12;Amazonía;Amazonas
91669;Puerto Santander;12;Amazonía;Amazonas
91798;Tarapaca;12;Amazonía;Amazonas
94001;Inirida;810;Guainía;Guainía
94343;Barranco Minas;810;Guainía;Guainía
94663;Mapiripana;810;Guainía;Guainía
94883;San Felipe;810;Guainía;Guainía
94884;Puerto Colombia;810;Guainía;Guainía
94885;La Guadalupe;810;Guainía;Guainía
94886;Cacahual;810;Guainía;Guainía
94887;Pana Pana;810;Guainía;Guainía
94888;Morichal;810;Guainía;Guainía
95001;San Jose del Guaviare;820;Guaviare;Guaviare
95015;Calamar;820;Guaviare;Guaviare
95025;El Retorno;820;Guaviare;Guaviare
95200;Miraflores;1400;Vaupés;Guaviare
97001;Mitu;1400;Vaupés;Vaupés
97161;Caruru;1400;Vaupés;Vaupés
97511;Pacoa;1400;Vaupés;Vaupés
97666;Taraira;1400;Vaupés;Vaupés
97777;Papunaua;1400;Vaupés;Vaupés
97889;Yavarate;1400;Vaupés;Vaupés
99001;Puerto Carreno;1411;Puerto Carreno;Vichada
99524;La Primavera;1412;Llanura;Vichada
99624;Santa Rosalia;1412;Llanura;Vichada
99773;Cumaribo;1412;Llanura;Vichada